N;time;Waveform;scale;;Total period;;1;;Calculated;
0;0;0,930541992;3953;;Min value;;-1;;Freq;1
1;0,000976563;0,861899414;3813;;Max value;;1;;Rads;6,283185307
2;0,001953125;-0,75168457;508;;;;;;;
3;0,002929688;0,234448242;2528;;Instructions: Set Total period and min/max value. Then populate column C;;;;;
4;0,00390625;0,90637207;3904;;"The export tab will have a copy of column D; save that sheet as a CSV file";;;;;
5;0,004882813;0,781171875;3647;;And then use setwave5200 to transmit file to instrument;;;;;
6;0,005859375;0,033354492;2116;;Note: the period, time, and min/max values are for your optional use.  You can adjust the ;;;;;
7;0,006835938;0,972597656;4039;;frequency and amplitude from the instrument front panel;;;;;
8;0,0078125;-0,20109375;1636;;;;;;;
9;0,008789063;-0,30019043;1433;;;;;;;
10;0,009765625;-0,461162109;1103;;;;;;;
11;0,010742188;0,648237305;3375;;;;;;;
12;0,01171875;-0,108764648;1825;;;;;;;
13;0,012695313;-0,44230957;1142;;;;;;;
14;0,013671875;0,656938477;3393;;;;;;;
15;0,014648438;0,541889648;3157;;;;;;;
16;0,015625;-0,024169922;1998;;;;;;;
17;0,016601563;0,737666016;3558;;;;;;;
18;0,017578125;-0,887519531;230;;;;;;;
19;0,018554688;0,504667969;3081;;;;;;;
20;0,01953125;-0,538989258;944;;;;;;;
21;0,020507813;0,093779297;2240;;;;;;;
22;0,021484375;-0,863349609;279;;;;;;;
23;0,022460938;-0,9590625;83;;;;;;;
24;0,0234375;-0,968730469;64;;;;;;;
25;0,024414063;0,326293945;2716;;;;;;;
26;0,025390625;-0,116982422;1808;;;;;;;
27;0,026367188;0,42684082;2922;;;;;;;
28;0,02734375;-0,831445313;345;;;;;;;
29;0,028320313;0,624550781;3327;;;;;;;
30;0,029296875;0,146469727;2347;;;;;;;
31;0,030273438;-0,243149414;1550;;;;;;;
32;0,03125;0,320976563;2705;;;;;;;
33;0,032226563;-0,802924805;403;;;;;;;
34;0,033203125;0,320976563;2705;;;;;;;
35;0,034179688;0,241699219;2543;;;;;;;
36;0,03515625;0,17934082;2415;;;;;;;
37;0,036132813;0,337412109;2739;;;;;;;
38;0,037109375;0,049306641;2148;;;;;;;
39;0,038085938;-0,973564453;54;;;;;;;
40;0,0390625;-0,986132813;28;;;;;;;
41;0,040039063;-0,002416992;2043;;;;;;;
42;0,041015625;-0,199160156;1640;;;;;;;
43;0,041992188;0,666606445;3413;;;;;;;
44;0,04296875;-0,230581055;1575;;;;;;;
45;0,043945313;0,027553711;2104;;;;;;;
46;0,044921875;0,413305664;2894;;;;;;;
47;0,045898438;-0,739599609;533;;;;;;;
48;0,046875;-0,946977539;108;;;;;;;
49;0,047851563;-0,062841797;1919;;;;;;;
50;0,048828125;0,246049805;2551;;;;;;;
51;0,049804688;0,778754883;3642;;;;;;;
52;0,05078125;0,375600586;2817;;;;;;;
53;0,051757813;-0,140668945;1759;;;;;;;
54;0,052734375;0,895737305;3882;;;;;;;
55;0,053710938;0,299707031;2661;;;;;;;
56;0,0546875;-0,809692383;389;;;;;;;
57;0,055664063;0,575244141;3226;;;;;;;
58;0,056640625;0,809692383;3706;;;;;;;
59;0,057617188;0,075893555;2203;;;;;;;
60;0,05859375;0,29390625;2649;;;;;;;
61;0,059570313;-0,908305664;187;;;;;;;
62;0,060546875;0,930058594;3952;;;;;;;
63;0,061523438;-0,598930664;821;;;;;;;
64;0,0625;-0,021269531;2004;;;;;;;
65;0,063476563;0,17015625;2396;;;;;;;
66;0,064453125;0,215595703;2489;;;;;;;
67;0,065429688;0,653071289;3385;;;;;;;
68;0,06640625;0,935859375;3964;;;;;;;
69;0,067382813;-0,455361328;1115;;;;;;;
70;0,068359375;0,349013672;2762;;;;;;;
71;0,069335938;0,031420898;2112;;;;;;;
72;0,0703125;-0,637602539;742;;;;;;;
73;0,071289063;0,925708008;3943;;;;;;;
74;0,072265625;0,420556641;2909;;;;;;;
75;0,073242188;0,522070313;3117;;;;;;;
76;0,07421875;-0,185141602;1668;;;;;;;
77;0,075195313;-0,617299805;783;;;;;;;
78;0,076171875;-0,638085938;741;;;;;;;
79;0,077148438;-0,268286133;1498;;;;;;;
80;0,078125;-0,50128418;1021;;;;;;;
81;0,079101563;0,14550293;2345;;;;;;;
82;0,080078125;0,158071289;2371;;;;;;;
83;0,081054688;0,517236328;3107;;;;;;;
84;0,08203125;0,781655273;3648;;;;;;;
85;0,083007813;0,226230469;2511;;;;;;;
86;0,083984375;0,909755859;3911;;;;;;;
87;0,084960938;-0,167739258;1704;;;;;;;
88;0,0859375;-0,312275391;1408;;;;;;;
89;0,086914063;-0,670473633;674;;;;;;;
90;0,087890625;0,891870117;3874;;;;;;;
91;0,088867188;-0,276987305;1480;;;;;;;
92;0,08984375;0,239765625;2539;;;;;;;
93;0,090820313;-0,440375977;1146;;;;;;;
94;0,091796875;0,525454102;3124;;;;;;;
95;0,092773438;-0,309858398;1413;;;;;;;
96;0,09375;0,498867188;3069;;;;;;;
97;0,094726563;-0,845947266;315;;;;;;;
98;0,095703125;-0,43940918;1148;;;;;;;
99;0,096679688;-0,122783203;1796;;;;;;;
100;0,09765625;-0,703828125;606;;;;;;;
101;0,098632813;0,287138672;2636;;;;;;;
102;0,099609375;-0,333544922;1364;;;;;;;
103;0,100585938;0,295839844;2653;;;;;;;
104;0,1015625;-0,34949707;1332;;;;;;;
105;0,102539063;0,314692383;2692;;;;;;;
106;0,103515625;-0,192875977;1652;;;;;;;
107;0,104492188;-0,395419922;1238;;;;;;;
108;0,10546875;0,849814453;3788;;;;;;;
109;0,106445313;-0,857548828;291;;;;;;;
110;0,107421875;0,420556641;2909;;;;;;;
111;0,108398438;0,822260742;3731;;;;;;;
112;0,109375;0,508051758;3088;;;;;;;
113;0,110351563;-0,822260742;364;;;;;;;
114;0,111328125;-0,312758789;1407;;;;;;;
115;0,112304688;0,738149414;3559;;;;;;;
116;0,11328125;0,838696289;3765;;;;;;;
117;0,114257813;0,443759766;2956;;;;;;;
118;0,115234375;0,489199219;3049;;;;;;;
119;0,116210938;-0,418139648;1191;;;;;;;
120;0,1171875;-0,578144531;863;;;;;;;
121;0,118164063;-0,882685547;240;;;;;;;
122;0,119140625;0,183208008;2423;;;;;;;
123;0,120117188;-0,452460938;1121;;;;;;;
124;0,12109375;0,010151367;2068;;;;;;;
125;0,122070313;-0,266352539;1502;;;;;;;
126;0,123046875;-0,732348633;548;;;;;;;
127;0,124023438;0,847397461;3783;;;;;;;
128;0,125;-0,623100586;771;;;;;;;
129;0,125976563;-0,771503906;467;;;;;;;
130;0,126953125;0,727998047;3538;;;;;;;
131;0,127929688;0,770537109;3626;;;;;;;
132;0,12890625;-0,121333008;1799;;;;;;;
133;0,129882813;0,48871582;3048;;;;;;;
134;0,130859375;0,946010742;3985;;;;;;;
135;0,131835938;-0,780205078;450;;;;;;;
136;0,1328125;-0,245083008;1546;;;;;;;
137;0,133789063;-0,978881836;43;;;;;;;
138;0,134765625;-0,283754883;1466;;;;;;;
139;0,135742188;0,185141602;2427;;;;;;;
140;0,13671875;-0,134384766;1772;;;;;;;
141;0,137695313;0,389619141;2845;;;;;;;
142;0,138671875;-0,5259375;970;;;;;;;
143;0,139648438;0,141635742;2338;;;;;;;
144;0,140625;0,894287109;3879;;;;;;;
145;0,141601563;-0,915556641;172;;;;;;;
146;0,142578125;-0,141635742;1757;;;;;;;
147;0,143554688;0,573310547;3222;;;;;;;
148;0,14453125;-0,834829102;338;;;;;;;
149;0,145507813;-0,247016602;1542;;;;;;;
150;0,146484375;-0,863833008;278;;;;;;;
151;0,147460938;-0,430224609;1166;;;;;;;
152;0,1484375;0,284238281;2630;;;;;;;
153;0,149414063;-0,44859375;1129;;;;;;;
154;0,150390625;0,988066406;4071;;;;;;;
155;0,151367188;-0,975498047;50;;;;;;;
156;0,15234375;-0,549624023;922;;;;;;;
157;0,153320313;-0,264902344;1505;;;;;;;
158;0,154296875;0,422973633;2914;;;;;;;
159;0,155273438;0,451010742;2971;;;;;;;
160;0,15625;-0,275053711;1484;;;;;;;
161;0,157226563;-0,440375977;1146;;;;;;;
162;0,158203125;0,688359375;3457;;;;;;;
163;0,159179688;0,915556641;3923;;;;;;;
164;0,16015625;-0,441826172;1143;;;;;;;
165;0,161132813;0,588779297;3253;;;;;;;
166;0,162109375;-0,716879883;579;;;;;;;
167;0,163085938;0,444243164;2957;;;;;;;
168;0,1640625;-0,631318359;755;;;;;;;
169;0,165039063;0,94359375;3980;;;;;;;
170;0,166015625;-0,176923828;1685;;;;;;;
171;0,166992188;0,445209961;2959;;;;;;;
172;0,16796875;0,319042969;2701;;;;;;;
173;0,168945313;0,13003418;2314;;;;;;;
174;0,169921875;0,252333984;2564;;;;;;;
175;0,170898438;0,79809082;3682;;;;;;;
176;0,171875;0,236381836;2532;;;;;;;
177;0,172851563;0,081694336;2215;;;;;;;
178;0,173828125;0,981782227;4058;;;;;;;
179;0,174804688;0,463579102;2997;;;;;;;
180;0,17578125;0,221879883;2502;;;;;;;
181;0,176757813;0,334511719;2733;;;;;;;
182;0,177734375;-0,594580078;830;;;;;;;
183;0,178710938;0,382368164;2831;;;;;;;
184;0,1796875;0,750717773;3585;;;;;;;
185;0,180664063;-0,429257813;1168;;;;;;;
186;0,181640625;0,963413086;4021;;;;;;;
187;0,182617188;-0,506601563;1010;;;;;;;
188;0,18359375;0,689326172;3459;;;;;;;
189;0,184570313;0,534638672;3142;;;;;;;
190;0,185546875;-0,338862305;1354;;;;;;;
191;0,186523438;0,378984375;2824;;;;;;;
192;0,1875;-0,68980957;635;;;;;;;
193;0,188476563;0,656455078;3392;;;;;;;
194;0,189453125;-0,851264648;304;;;;;;;
195;0,190429688;0,310341797;2683;;;;;;;
196;0,19140625;0,188525391;2434;;;;;;;
197;0,192382813;0,751201172;3586;;;;;;;
198;0,193359375;0,348530273;2761;;;;;;;
199;0,194335938;0,330644531;2725;;;;;;;
200;0,1953125;0,68980957;3460;;;;;;;
201;0,196289063;-0,822260742;364;;;;;;;
202;0,197265625;-0,237348633;1561;;;;;;;
203;0,198242188;0,289072266;2640;;;;;;;
204;0,19921875;-0,243149414;1550;;;;;;;
205;0,200195313;-0,675791016;663;;;;;;;
206;0,201171875;-0,723164063;566;;;;;;;
207;0,202148438;-0,824194336;360;;;;;;;
208;0,203125;0,856582031;3802;;;;;;;
209;0,204101563;-0,264902344;1505;;;;;;;
210;0,205078125;-0,805341797;398;;;;;;;
211;0,206054688;-0,669506836;676;;;;;;;
212;0,20703125;0,874951172;3839;;;;;;;
213;0,208007813;0,004833984;2057;;;;;;;
214;0,208984375;0,479047852;3029;;;;;;;
215;0,209960938;-0,975014648;51;;;;;;;
216;0,2109375;0,168222656;2392;;;;;;;
217;0,211914063;0,033837891;2117;;;;;;;
218;0,212890625;-0,964379883;72;;;;;;;
219;0,213867188;-0,99;20;;;;;;;
220;0,21484375;0,84449707;3777;;;;;;;
221;0,215820313;0,653554688;3386;;;;;;;
222;0,216796875;0,535605469;3144;;;;;;;
223;0,217773438;0,797607422;3681;;;;;;;
224;0,21875;0,651137695;3381;;;;;;;
225;0,219726563;-0,975981445;49;;;;;;;
226;0,220703125;0,950844727;3995;;;;;;;
227;0,221679688;-0,733798828;545;;;;;;;
228;0,22265625;-0,526904297;968;;;;;;;
229;0,223632813;-0,893803711;217;;;;;;;
230;0,224609375;0,647270508;3373;;;;;;;
231;0,225585938;0,463095703;2996;;;;;;;
232;0,2265625;-0,186108398;1666;;;;;;;
233;0,227539063;-0,691259766;632;;;;;;;
234;0,228515625;0,13293457;2320;;;;;;;
235;0,229492188;0,413305664;2894;;;;;;;
236;0,23046875;0,569926758;3215;;;;;;;
237;0,231445313;0,526904297;3127;;;;;;;
238;0,232421875;-0,875917969;254;;;;;;;
239;0,233398438;0,822744141;3732;;;;;;;
240;0,234375;-0,451010742;1124;;;;;;;
241;0,235351563;-0,606665039;805;;;;;;;
242;0,236328125;0,517236328;3107;;;;;;;
243;0,237304688;-0,927641602;148;;;;;;;
244;0,23828125;-0,235898438;1564;;;;;;;
245;0,239257813;-0,719296875;574;;;;;;;
246;0,240234375;-0,749750977;512;;;;;;;
247;0,241210938;-0,469863281;1085;;;;;;;
248;0,2421875;0,414272461;2896;;;;;;;
249;0,243164063;0,499833984;3071;;;;;;;
250;0,244140625;0,908305664;3908;;;;;;;
251;0,245117188;0,235898438;2531;;;;;;;
252;0,24609375;0,929091797;3950;;;;;;;
253;0,247070313;-0,165805664;1708;;;;;;;
254;0,248046875;0,604248047;3285;;;;;;;
255;0,249023438;0,892353516;3875;;;;;;;
256;0,25;-0,821293945;365;;;;;;;
257;0,250976563;-0,51965332;983;;;;;;;
258;0,251953125;-0,056074219;1933;;;;;;;
259;0,252929688;-0,892353516;220;;;;;;;
260;0,25390625;-0,162905273;1714;;;;;;;
261;0,254882813;0,082177734;2216;;;;;;;
262;0,255859375;0,27215332;2605;;;;;;;
263;0,256835938;0,170639648;2397;;;;;;;
264;0,2578125;0,150820313;2356;;;;;;;
265;0,258789063;0,213662109;2485;;;;;;;
266;0,259765625;0,404121094;2875;;;;;;;
267;0,260742188;-0,023686523;1999;;;;;;;
268;0,26171875;-0,347080078;1337;;;;;;;
269;0,262695313;0,979365234;4053;;;;;;;
270;0,263671875;-0,591196289;837;;;;;;;
271;0,264648438;0,971147461;4036;;;;;;;
272;0,265625;0,677241211;3434;;;;;;;
273;0,266601563;-0,538505859;945;;;;;;;
274;0,267578125;-0,606665039;805;;;;;;;
275;0,268554688;0,953261719;4000;;;;;;;
276;0,26953125;-0,446660156;1133;;;;;;;
277;0,270507813;0,557358398;3189;;;;;;;
278;0,271484375;0,550107422;3174;;;;;;;
279;0,272460938;-0,485332031;1054;;;;;;;
280;0,2734375;-0,390102539;1249;;;;;;;
281;0,274414063;0,402670898;2872;;;;;;;
282;0,275390625;-0,64050293;736;;;;;;;
283;0,276367188;-0,392519531;1244;;;;;;;
284;0,27734375;-0,142602539;1755;;;;;;;
285;0,278320313;0,457294922;2984;;;;;;;
286;0,279296875;0,131967773;2318;;;;;;;
287;0,280273438;0,159038086;2373;;;;;;;
288;0,28125;-0,938759766;125;;;;;;;
289;0,282226563;0,78890625;3663;;;;;;;
290;0,283203125;0,530771484;3135;;;;;;;
291;0,284179688;0,474213867;3019;;;;;;;
292;0,28515625;-0,178374023;1682;;;;;;;
293;0,286132813;0,23203125;2523;;;;;;;
294;0,287109375;-0,782138672;446;;;;;;;
295;0,288085938;-0,515786133;991;;;;;;;
296;0,2890625;-0,341762695;1348;;;;;;;
297;0,290039063;-0,732348633;548;;;;;;;
298;0,291015625;-0,749750977;512;;;;;;;
299;0,291992188;-0,55059082;920;;;;;;;
300;0,29296875;0,661289063;3402;;;;;;;
301;0,293945313;-0,738632813;535;;;;;;;
302;0,294921875;0,012084961;2072;;;;;;;
303;0,295898438;0,731865234;3546;;;;;;;
304;0,296875;0,564609375;3204;;;;;;;
305;0,297851563;0,935859375;3964;;;;;;;
306;0,298828125;0,363032227;2791;;;;;;;
307;0,299804688;-0,632285156;753;;;;;;;
308;0,30078125;-0,827094727;354;;;;;;;
309;0,301757813;-0,320493164;1391;;;;;;;
310;0,302734375;0,904921875;3901;;;;;;;
311;0,303710938;-0,82902832;350;;;;;;;
312;0,3046875;-0,761835938;487;;;;;;;
313;0,305664063;-0,668056641;679;;;;;;;
314;0,306640625;-0,369316406;1291;;;;;;;
315;0,307617188;-0,869150391;267;;;;;;;
316;0,30859375;0,592163086;3260;;;;;;;
317;0,309570313;-0,028520508;1989;;;;;;;
318;0,310546875;-0,433125;1160;;;;;;;
319;0,311523438;0,449077148;2967;;;;;;;
320;0,3125;0,849331055;3787;;;;;;;
321;0,313476563;-0,909272461;185;;;;;;;
322;0,314453125;-0,637119141;743;;;;;;;
323;0,315429688;-0,801474609;406;;;;;;;
324;0,31640625;-0,060424805;1924;;;;;;;
325;0,317382813;-0,537539063;947;;;;;;;
326;0,318359375;0,620683594;3319;;;;;;;
327;0,319335938;-0,22284668;1591;;;;;;;
328;0,3203125;-0,359165039;1312;;;;;;;
329;0,321289063;0,185625;2428;;;;;;;
330;0,322265625;0,075893555;2203;;;;;;;
331;0,323242188;-0,866733398;272;;;;;;;
332;0,32421875;-0,893803711;217;;;;;;;
333;0,325195313;-0,579594727;860;;;;;;;
334;0,326171875;0,217529297;2493;;;;;;;
335;0,327148438;-0,503217773;1017;;;;;;;
336;0,328125;-0,630834961;756;;;;;;;
337;0,329101563;-0,466962891;1091;;;;;;;
338;0,330078125;-0,383818359;1261;;;;;;;
339;0,331054688;0,200126953;2457;;;;;;;
340;0,33203125;0,11746582;2288;;;;;;;
341;0,333007813;0,06815918;2187;;;;;;;
342;0,333984375;0,326777344;2717;;;;;;;
343;0,334960938;0,646787109;3372;;;;;;;
344;0,3359375;-0,824677734;359;;;;;;;
345;0,336914063;-0,67434082;666;;;;;;;
346;0,337890625;-0,387202148;1255;;;;;;;
347;0,338867188;0,550107422;3174;;;;;;;
348;0,33984375;0,960029297;4014;;;;;;;
349;0,340820313;0,042539063;2135;;;;;;;
350;0,341796875;0,127133789;2308;;;;;;;
351;0,342773438;0,04012207;2130;;;;;;;
352;0,34375;0,948911133;3991;;;;;;;
353;0,344726563;-0,553974609;913;;;;;;;
354;0,345703125;0,626000977;3330;;;;;;;
355;0,346679688;0,90347168;3898;;;;;;;
356;0,34765625;0,253300781;2566;;;;;;;
357;0,348632813;0,375117188;2816;;;;;;;
358;0,349609375;0,626000977;3330;;;;;;;
359;0,350585938;0,415722656;2899;;;;;;;
360;0,3515625;0,023686523;2096;;;;;;;
361;0,352539063;0,771020508;3627;;;;;;;
362;0,353515625;0,570410156;3216;;;;;;;
363;0,354492188;0,936826172;3966;;;;;;;
364;0,35546875;-0,781171875;448;;;;;;;
365;0,356445313;0,117949219;2289;;;;;;;
366;0,357421875;-0,908305664;187;;;;;;;
367;0,358398438;0,790839844;3667;;;;;;;
368;0,359375;0,844013672;3776;;;;;;;
369;0,360351563;-0,530771484;960;;;;;;;
370;0,361328125;-0,247016602;1542;;;;;;;
371;0,362304688;-0,556875;907;;;;;;;
372;0,36328125;0,436992188;2942;;;;;;;
373;0,364257813;-0,590229492;839;;;;;;;
374;0,365234375;-0,267802734;1499;;;;;;;
375;0,366210938;0,127617188;2309;;;;;;;
376;0,3671875;0,722197266;3527;;;;;;;
377;0,368164063;0,291005859;2643;;;;;;;
378;0,369140625;0,214145508;2486;;;;;;;
379;0,370117188;-0,512402344;998;;;;;;;
380;0,37109375;0,082661133;2217;;;;;;;
381;0,372070313;0,586362305;3248;;;;;;;
382;0,373046875;-0,150820313;1739;;;;;;;
383;0,374023438;0,432641602;2934;;;;;;;
384;0,375;-0,677241211;661;;;;;;;
385;0,375976563;-0,593613281;832;;;;;;;
386;0,376953125;0,524487305;3122;;;;;;;
387;0,377929688;0,614399414;3306;;;;;;;
388;0,37890625;-0,014985352;2017;;;;;;;
389;0,379882813;-0,125683594;1790;;;;;;;
390;0,380859375;-0,232514648;1571;;;;;;;
391;0,381835938;0,440859375;2950;;;;;;;
392;0,3828125;-0,203027344;1632;;;;;;;
393;0,383789063;0,75168457;3587;;;;;;;
394;0,384765625;-0,63421875;749;;;;;;;
395;0,385742188;-0,147436523;1746;;;;;;;
396;0,38671875;-0,309858398;1413;;;;;;;
397;0,387695313;-0,313242188;1406;;;;;;;
398;0,388671875;0,121333008;2296;;;;;;;
399;0,389648438;-0,176923828;1685;;;;;;;
400;0,390625;0,229130859;2517;;;;;;;
401;0,391601563;0,202543945;2462;;;;;;;
402;0,392578125;0,659355469;3398;;;;;;;
403;0,393554688;-0,858999023;288;;;;;;;
404;0,39453125;0,372700195;2811;;;;;;;
405;0,395507813;-0,796640625;416;;;;;;;
406;0,396484375;-0,157587891;1725;;;;;;;
407;0,397460938;-0,901054688;202;;;;;;;
408;0,3984375;-0,500317383;1023;;;;;;;
409;0,399414063;0,794223633;3674;;;;;;;
410;0,400390625;0,899121094;3889;;;;;;;
411;0,401367188;-0,431191406;1164;;;;;;;
412;0,40234375;-0,725581055;562;;;;;;;
413;0,403320313;-0,729448242;554;;;;;;;
414;0,404296875;0,534155273;3141;;;;;;;
415;0,405273438;0,530771484;3135;;;;;;;
416;0,40625;-0,878334961;249;;;;;;;
417;0,407226563;-0,084594727;1874;;;;;;;
418;0,408203125;-0,704311523;605;;;;;;;
419;0,409179688;-0,810175781;388;;;;;;;
420;0,41015625;-0,434575195;1157;;;;;;;
421;0,411132813;-0,723647461;565;;;;;;;
422;0,412109375;-0,385751953;1257;;;;;;;
423;0,413085938;0,033837891;2117;;;;;;;
424;0,4140625;0,065258789;2181;;;;;;;
425;0,415039063;0,57234375;3220;;;;;;;
426;0,416015625;-0,880268555;245;;;;;;;
427;0,416992188;-0,279887695;1474;;;;;;;
428;0,41796875;0,807758789;3702;;;;;;;
429;0,418945313;-0,853681641;299;;;;;;;
430;0,419921875;-0,749267578;513;;;;;;;
431;0,420898438;-0,523520508;975;;;;;;;
432;0,421875;0,00628418;2060;;;;;;;
433;0,422851563;-0,885585938;234;;;;;;;
434;0,423828125;-0,908305664;187;;;;;;;
435;0,424804688;-0,064291992;1916;;;;;;;
436;0,42578125;-0,674824219;665;;;;;;;
437;0,426757813;-0,664672852;686;;;;;;;
438;0,427734375;0,115048828;2283;;;;;;;
439;0,428710938;0,265385742;2591;;;;;;;
440;0,4296875;0,212695313;2483;;;;;;;
441;0,430664063;0,469379883;3009;;;;;;;
442;0,431640625;0,158071289;2371;;;;;;;
443;0,432617188;-0,075893555;1892;;;;;;;
444;0,43359375;0,626000977;3330;;;;;;;
445;0,434570313;0,50418457;3080;;;;;;;
446;0,435546875;-0,559291992;902;;;;;;;
447;0,436523438;0,141152344;2337;;;;;;;
448;0,4375;0,544306641;3162;;;;;;;
449;0,438476563;0,787939453;3661;;;;;;;
450;0,439453125;-0,422006836;1183;;;;;;;
451;0,440429688;0,517236328;3107;;;;;;;
452;0,44140625;-0,869633789;266;;;;;;;
453;0,442382813;-0,41765625;1192;;;;;;;
454;0,443359375;-0,793256836;423;;;;;;;
455;0,444335938;0,345629883;2755;;;;;;;
456;0,4453125;0,533671875;3140;;;;;;;
457;0,446289063;0,509018555;3090;;;;;;;
458;0,447265625;0,98081543;4056;;;;;;;
459;0,448242188;-0,627451172;762;;;;;;;
460;0,44921875;0,760869141;3606;;;;;;;
461;0,450195313;0,589746094;3255;;;;;;;
462;0,451171875;-0,614882813;788;;;;;;;
463;0,452148438;0,763769531;3612;;;;;;;
464;0,453125;-0,522070313;978;;;;;;;
465;0,454101563;-0,059941406;1925;;;;;;;
466;0,455078125;-0,5259375;970;;;;;;;
467;0,456054688;-0,812592773;383;;;;;;;
468;0,45703125;-0,662739258;690;;;;;;;
469;0,458007813;0,772954102;3631;;;;;;;
470;0,458984375;-0,39590332;1237;;;;;;;
471;0,459960938;-0,741049805;530;;;;;;;
472;0,4609375;-0,939243164;124;;;;;;;
473;0,461914063;0,152753906;2360;;;;;;;
474;0,462890625;0,858999023;3807;;;;;;;
475;0,463867188;-0,777788086;455;;;;;;;
476;0,46484375;-0,075410156;1893;;;;;;;
477;0,465820313;0,335478516;2735;;;;;;;
478;0,466796875;0,10199707;2256;;;;;;;
479;0,467773438;-0,098129883;1847;;;;;;;
480;0,46875;-0,678208008;659;;;;;;;
481;0,469726563;0,95277832;3999;;;;;;;
482;0,470703125;0,25668457;2573;;;;;;;
483;0,471679688;0,719780273;3522;;;;;;;
484;0,47265625;-0,136801758;1767;;;;;;;
485;0,473632813;0,681108398;3442;;;;;;;
486;0,474609375;-0,933925781;135;;;;;;;
487;0,475585938;0,059458008;2169;;;;;;;
488;0,4765625;0,380917969;2828;;;;;;;
489;0,477539063;0,330644531;2725;;;;;;;
490;0,478515625;0,862382813;3814;;;;;;;
491;0,479492188;0,964379883;4023;;;;;;;
492;0,48046875;-0,469379883;1086;;;;;;;
493;0,481445313;-0,983232422;34;;;;;;;
494;0,482421875;-0,326293945;1379;;;;;;;
495;0,483398438;-0,447626953;1131;;;;;;;
496;0,484375;0,02465332;2098;;;;;;;
497;0,485351563;-0,261035156;1513;;;;;;;
498;0,486328125;0,446660156;2962;;;;;;;
499;0,487304688;-0,183208008;1672;;;;;;;
500;0,48828125;0,619233398;3316;;;;;;;
501;0,489257813;-0,353847656;1323;;;;;;;
502;0,490234375;0,56605957;3207;;;;;;;
503;0,491210938;0,917006836;3926;;;;;;;
504;0,4921875;-0,91894043;166;;;;;;;
505;0,493164063;-0,917973633;167;;;;;;;
506;0,494140625;-0,730898438;551;;;;;;;
507;0,495117188;0,586362305;3248;;;;;;;
508;0,49609375;0,792290039;3670;;;;;;;
509;0,497070313;0,153720703;2362;;;;;;;
510;0,498046875;0,979848633;4054;;;;;;;
511;0,499023438;-0,828061523;352;;;;;;;
512;0,5;0,521586914;3116;;;;;;;
513;0,500976563;0,171123047;2398;;;;;;;
514;0,501953125;-0,167739258;1704;;;;;;;
515;0,502929688;0,786489258;3658;;;;;;;
516;0,50390625;0,648720703;3376;;;;;;;
517;0,504882813;0,241699219;2543;;;;;;;
518;0,505859375;-0,04012207;1965;;;;;;;
519;0,506835938;0,531254883;3136;;;;;;;
520;0,5078125;0,309375;2681;;;;;;;
521;0,508789063;0,10199707;2256;;;;;;;
522;0,509765625;0,8971875;3885;;;;;;;
523;0,510742188;0,840629883;3769;;;;;;;
524;0,51171875;-0,449077148;1128;;;;;;;
525;0,512695313;0,829511719;3746;;;;;;;
526;0,513671875;-0,555424805;910;;;;;;;
527;0,514648438;-0,597963867;823;;;;;;;
528;0,515625;0,663706055;3407;;;;;;;
529;0,516601563;-0,446660156;1133;;;;;;;
530;0,517578125;-0,987099609;26;;;;;;;
531;0,518554688;0,190942383;2439;;;;;;;
532;0,51953125;0,65887207;3397;;;;;;;
533;0,520507813;-0,833378906;341;;;;;;;
534;0,521484375;-0,310341797;1412;;;;;;;
535;0,522460938;-0,346113281;1339;;;;;;;
536;0,5234375;-0,477114258;1070;;;;;;;
537;0,524414063;-0,543823242;934;;;;;;;
538;0,525390625;-0,363515625;1303;;;;;;;
539;0,526367188;-0,803891602;401;;;;;;;
540;0,52734375;-0,960996094;79;;;;;;;
541;0,528320313;0,007734375;2063;;;;;;;
542;0,529296875;0,723164063;3529;;;;;;;
543;0,530273438;0,220913086;2500;;;;;;;
544;0,53125;-0,572827148;874;;;;;;;
545;0,532226563;0,312275391;2687;;;;;;;
546;0,533203125;-0,11456543;1813;;;;;;;
547;0,534179688;0,197226563;2451;;;;;;;
548;0,53515625;0,185625;2428;;;;;;;
549;0,536132813;0,732348633;3547;;;;;;;
550;0,537109375;0,323393555;2710;;;;;;;
551;0,538085938;0,195776367;2448;;;;;;;
552;0,5390625;-0,622133789;773;;;;;;;
553;0,540039063;-0,513369141;996;;;;;;;
554;0,541015625;0,612949219;3303;;;;;;;
555;0,541992188;0,678208008;3436;;;;;;;
556;0,54296875;0,577177734;3230;;;;;;;
557;0,543945313;-0,00918457;2029;;;;;;;
558;0,544921875;0,622617188;3323;;;;;;;
559;0,545898438;0,008217773;2064;;;;;;;
560;0,546875;0,871083984;3831;;;;;;;
561;0,547851563;0,741533203;3566;;;;;;;
562;0,548828125;0,344663086;2753;;;;;;;
563;0,549804688;0,783105469;3651;;;;;;;
564;0,55078125;-0,223813477;1589;;;;;;;
565;0,551757813;-0,73331543;546;;;;;;;
566;0,552734375;0,750717773;3585;;;;;;;
567;0,553710938;-0,530288086;961;;;;;;;
568;0,5546875;-0,723647461;565;;;;;;;
569;0,555664063;-0,247983398;1540;;;;;;;
570;0,556640625;0,087011719;2226;;;;;;;
571;0,557617188;0,203510742;2464;;;;;;;
572;0,55859375;-0,185141602;1668;;;;;;;
573;0,559570313;0,750234375;3584;;;;;;;
574;0,560546875;0,497900391;3067;;;;;;;
575;0,561523438;-0,033837891;1978;;;;;;;
576;0,5625;-0,873017578;260;;;;;;;
577;0,563476563;-0,187558594;1663;;;;;;;
578;0,564453125;0,802441406;3691;;;;;;;
579;0,565429688;0,162421875;2380;;;;;;;
580;0,56640625;-0,02175293;2003;;;;;;;
581;0,567382813;0,570410156;3216;;;;;;;
582;0,568359375;-0,820810547;366;;;;;;;
583;0,569335938;-0,717363281;578;;;;;;;
584;0,5703125;-0,235415039;1565;;;;;;;
585;0,571289063;0,852231445;3793;;;;;;;
586;0,572265625;0,868666992;3827;;;;;;;
587;0,573242188;0,424423828;2917;;;;;;;
588;0,57421875;-0,491132813;1042;;;;;;;
589;0,575195313;-0,195292969;1648;;;;;;;
590;0,576171875;-0,972114258;57;;;;;;;
591;0,577148438;-0,289072266;1455;;;;;;;
592;0,578125;-0,240732422;1554;;;;;;;
593;0,579101563;0,54769043;3169;;;;;;;
594;0,580078125;-0,25378418;1528;;;;;;;
595;0,581054688;0,820327148;3728;;;;;;;
596;0,58203125;0,79519043;3676;;;;;;;
597;0,583007813;0,553007813;3180;;;;;;;
598;0,583984375;0,148886719;2352;;;;;;;
599;0,584960938;0,282304688;2626;;;;;;;
600;0,5859375;0,275537109;2612;;;;;;;
601;0,586914063;-0,882202148;241;;;;;;;
602;0,587890625;-0,340795898;1350;;;;;;;
603;0,588867188;-0,594580078;830;;;;;;;
604;0,58984375;-0,987583008;25;;;;;;;
605;0,590820313;0,765703125;3616;;;;;;;
606;0,591796875;-0,69609375;622;;;;;;;
607;0,592773438;-0,291489258;1451;;;;;;;
608;0,59375;0,697543945;3476;;;;;;;
609;0,594726563;0,490649414;3052;;;;;;;
610;0,595703125;0,429257813;2927;;;;;;;
611;0,596679688;0,981782227;4058;;;;;;;
612;0,59765625;0,12375;2301;;;;;;;
613;0,598632813;-0,121333008;1799;;;;;;;
614;0,599609375;-0,2784375;1477;;;;;;;
615;0,600585938;0,713012695;3508;;;;;;;
616;0,6015625;0,220429688;2499;;;;;;;
617;0,602539063;0,755068359;3594;;;;;;;
618;0,603515625;0,050273438;2150;;;;;;;
619;0,604492188;0,740083008;3563;;;;;;;
620;0,60546875;0,849814453;3788;;;;;;;
621;0,606445313;-0,100063477;1843;;;;;;;
622;0,607421875;0,04640625;2143;;;;;;;
623;0,608398438;-0,7425;527;;;;;;;
624;0,609375;-0,667573242;680;;;;;;;
625;0,610351563;-0,503701172;1016;;;;;;;
626;0,611328125;-0,865283203;275;;;;;;;
627;0,612304688;-0,104897461;1833;;;;;;;
628;0,61328125;0,417172852;2902;;;;;;;
629;0,614257813;0,94359375;3980;;;;;;;
630;0,615234375;0,050756836;2151;;;;;;;
631;0,616210938;0,270703125;2602;;;;;;;
632;0,6171875;0,70527832;3492;;;;;;;
633;0,618164063;-0,158554688;1723;;;;;;;
634;0,619140625;0,405087891;2877;;;;;;;
635;0,620117188;0,292456055;2646;;;;;;;
636;0,62109375;-0,499833984;1024;;;;;;;
637;0,622070313;0,297773438;2657;;;;;;;
638;0,623046875;-0,968730469;64;;;;;;;
639;0,624023438;-0,087495117;1868;;;;;;;
640;0,625;-0,934892578;133;;;;;;;
641;0,625976563;0,2165625;2491;;;;;;;
642;0,626953125;-0,596513672;826;;;;;;;
643;0,627929688;0,424423828;2917;;;;;;;
644;0,62890625;-0,009667969;2028;;;;;;;
645;0,629882813;-0,647753906;721;;;;;;;
646;0,630859375;0,470830078;3012;;;;;;;
647;0,631835938;0,131484375;2317;;;;;;;
648;0,6328125;0,946494141;3986;;;;;;;
649;0,633789063;0,205927734;2469;;;;;;;
650;0,634765625;-0,715429688;582;;;;;;;
651;0,635742188;-0,649204102;718;;;;;;;
652;0,63671875;0,707695313;3497;;;;;;;
653;0,637695313;0,101030273;2254;;;;;;;
654;0,638671875;-0,429741211;1167;;;;;;;
655;0,639648438;0,068642578;2188;;;;;;;
656;0,640625;0,459711914;2989;;;;;;;
657;0,641601563;-0,946494141;109;;;;;;;
658;0,642578125;-0,139702148;1761;;;;;;;
659;0,643554688;0,539472656;3152;;;;;;;
660;0,64453125;0,986616211;4068;;;;;;;
661;0,645507813;0,4021875;2871;;;;;;;
662;0,646484375;-0,392519531;1244;;;;;;;
663;0,647460938;0,804375;3695;;;;;;;
664;0,6484375;-0,436025391;1155;;;;;;;
665;0,649414063;0,693676758;3468;;;;;;;
666;0,650390625;-0,295839844;1442;;;;;;;
667;0,651367188;-0,010151367;2027;;;;;;;
668;0,65234375;0,733798828;3550;;;;;;;
669;0,653320313;0,866733398;3823;;;;;;;
670;0,654296875;0,311791992;2686;;;;;;;
671;0,655273438;0,882685547;3855;;;;;;;
672;0,65625;0,649204102;3377;;;;;;;
673;0,657226563;-0,38671875;1256;;;;;;;
674;0,658203125;0,706728516;3495;;;;;;;
675;0,659179688;-0,973564453;54;;;;;;;
676;0,66015625;0,680141602;3440;;;;;;;
677;0,661132813;0,043989258;2138;;;;;;;
678;0,662109375;-0,377050781;1275;;;;;;;
679;0,663085938;-0,266835938;1501;;;;;;;
680;0,6640625;-0,232514648;1571;;;;;;;
681;0,665039063;-0,094262695;1854;;;;;;;
682;0,666015625;-0,143085938;1754;;;;;;;
683;0,666992188;0,027070313;2103;;;;;;;
684;0,66796875;-0,898637695;207;;;;;;;
685;0,668945313;-0,280371094;1473;;;;;;;
686;0,669921875;0,678208008;3436;;;;;;;
687;0,670898438;0,718813477;3520;;;;;;;
688;0,671875;0,888486328;3867;;;;;;;
689;0,672851563;-0,717363281;578;;;;;;;
690;0,673828125;-0,017402344;2012;;;;;;;
691;0,674804688;0,690776367;3462;;;;;;;
692;0,67578125;0,321459961;2706;;;;;;;
693;0,676757813;-0,093779297;1855;;;;;;;
694;0,677734375;-0,36496582;1300;;;;;;;
695;0,678710938;-0,639052734;739;;;;;;;
696;0,6796875;-0,213178711;1611;;;;;;;
697;0,680664063;0,578144531;3232;;;;;;;
698;0,681640625;-0,399770508;1229;;;;;;;
699;0,682617188;0,824194336;3735;;;;;;;
700;0,68359375;0,159521484;2374;;;;;;;
701;0,684570313;0,775371094;3635;;;;;;;
702;0,685546875;0,097646484;2247;;;;;;;
703;0,686523438;0,327260742;2718;;;;;;;
704;0,6875;-0,837729492;332;;;;;;;
705;0,688476563;-0,147436523;1746;;;;;;;
706;0,689453125;-0,339345703;1353;;;;;;;
707;0,690429688;-0,229130859;1578;;;;;;;
708;0,69140625;0,923774414;3939;;;;;;;
709;0,692382813;0,300673828;2663;;;;;;;
710;0,693359375;-0,862382813;281;;;;;;;
711;0,694335938;-0,592646484;834;;;;;;;
712;0,6953125;-0,753618164;504;;;;;;;
713;0,696289063;-0,936342773;130;;;;;;;
714;0,697265625;0,884135742;3858;;;;;;;
715;0,698242188;0,189008789;2435;;;;;;;
716;0,69921875;-0,48581543;1053;;;;;;;
717;0,700195313;-0,567509766;885;;;;;;;
718;0,701171875;0,14840332;2351;;;;;;;
719;0,702148438;-0,270219727;1494;;;;;;;
720;0,703125;0,549624023;3173;;;;;;;
721;0,704101563;-0,701411133;611;;;;;;;
722;0,705078125;0,864799805;3819;;;;;;;
723;0,706054688;-0,294389648;1445;;;;;;;
724;0,70703125;0,525454102;3124;;;;;;;
725;0,708007813;0,517236328;3107;;;;;;;
726;0,708984375;-0,566542969;887;;;;;;;
727;0,709960938;0,569926758;3215;;;;;;;
728;0,7109375;0,87253418;3834;;;;;;;
729;0,711914063;0,796157227;3678;;;;;;;
730;0,712890625;-0,446660156;1133;;;;;;;
731;0,713867188;0,989516602;4074;;;;;;;
732;0,71484375;0,03722168;2124;;;;;;;
733;0,715820313;0,05269043;2155;;;;;;;
734;0,716796875;0,698994141;3479;;;;;;;
735;0,717773438;-0,391069336;1247;;;;;;;
736;0,71875;0,275537109;2612;;;;;;;
737;0,719726563;0,8353125;3758;;;;;;;
738;0,720703125;0,701411133;3484;;;;;;;
739;0,721679688;0,984199219;4063;;;;;;;
740;0,72265625;0,728481445;3539;;;;;;;
741;0,723632813;-0,944560547;113;;;;;;;
742;0,724609375;-0,496450195;1031;;;;;;;
743;0,725585938;0,347563477;2759;;;;;;;
744;0,7265625;-0,465996094;1093;;;;;;;
745;0,727539063;-0,351914063;1327;;;;;;;
746;0,728515625;0,239765625;2539;;;;;;;
747;0,729492188;-0,63421875;749;;;;;;;
748;0,73046875;0,31565918;2694;;;;;;;
749;0,731445313;-0,664189453;687;;;;;;;
750;0,732421875;0,825161133;3737;;;;;;;
751;0,733398438;0,127617188;2309;;;;;;;
752;0,734375;0,714462891;3511;;;;;;;
753;0,735351563;-0,876401367;253;;;;;;;
754;0,736328125;-0,896220703;212;;;;;;;
755;0,737304688;-0,666606445;682;;;;;;;
756;0,73828125;-0,310341797;1412;;;;;;;
757;0,739257813;0,883168945;3856;;;;;;;
758;0,740234375;0,960029297;4014;;;;;;;
759;0,741210938;-0,119882813;1802;;;;;;;
760;0,7421875;-0,343696289;1344;;;;;;;
761;0,743164063;-0,005317383;2037;;;;;;;
762;0,744140625;0,005317383;2058;;;;;;;
763;0,745117188;-0,094746094;1853;;;;;;;
764;0,74609375;-0,506118164;1011;;;;;;;
765;0,747070313;-0,685458984;644;;;;;;;
766;0,748046875;-0,864799805;276;;;;;;;
767;0,749023438;-0,753618164;504;;;;;;;
768;0,75;-0,314208984;1404;;;;;;;
769;0,750976563;-0,771987305;466;;;;;;;
770;0,751953125;-0,011601563;2024;;;;;;;
771;0,752929688;-0,701411133;611;;;;;;;
772;0,75390625;0,502250977;3076;;;;;;;
773;0,754882813;-0,946010742;110;;;;;;;
774;0,755859375;0,81065918;3708;;;;;;;
775;0,756835938;-0,030454102;1985;;;;;;;
776;0,7578125;0,684492188;3449;;;;;;;
777;0,758789063;0,931508789;3955;;;;;;;
778;0,759765625;0,14840332;2351;;;;;;;
779;0,760742188;0,301157227;2664;;;;;;;
780;0,76171875;-0,84449707;318;;;;;;;
781;0,762695313;0,780688477;3646;;;;;;;
782;0,763671875;-0,958579102;84;;;;;;;
783;0,764648438;0,436025391;2940;;;;;;;
784;0,765625;0,919423828;3930;;;;;;;
785;0,766601563;0,924257813;3940;;;;;;;
786;0,767578125;0,669506836;3419;;;;;;;
787;0,768554688;-0,158554688;1723;;;;;;;
788;0,76953125;0,242182617;2543;;;;;;;
789;0,770507813;0,132451172;2319;;;;;;;
790;0,771484375;0,236381836;2532;;;;;;;
791;0,772460938;0,526420898;3126;;;;;;;
792;0,7734375;-0,348046875;1335;;;;;;;
793;0,774414063;0,29390625;2649;;;;;;;
794;0,775390625;0,962446289;4019;;;;;;;
795;0,776367188;0,588779297;3253;;;;;;;
796;0,77734375;-0,032387695;1981;;;;;;;
797;0,778320313;0,063808594;2178;;;;;;;
798;0,779296875;0,014018555;2076;;;;;;;
799;0,780273438;-0,438925781;1149;;;;;;;
800;0,78125;0,113115234;2279;;;;;;;
801;0,782226563;-0,817426758;373;;;;;;;
802;0,783203125;-0,317592773;1397;;;;;;;
803;0,784179688;0,500317383;3072;;;;;;;
804;0,78515625;0,724130859;3531;;;;;;;
805;0,786132813;-0,822744141;363;;;;;;;
806;0,787109375;-0,19190918;1654;;;;;;;
807;0,788085938;0,57234375;3220;;;;;;;
808;0,7890625;0,70237793;3486;;;;;;;
809;0,790039063;-0,106347656;1830;;;;;;;
810;0,791015625;-0,376083984;1277;;;;;;;
811;0,791992188;-0,889453125;226;;;;;;;
812;0,79296875;0,354814453;2774;;;;;;;
813;0,793945313;0,156621094;2368;;;;;;;
814;0,794921875;0,355297852;2775;;;;;;;
815;0,795898438;0,798574219;3683;;;;;;;
816;0,796875;-0,934892578;133;;;;;;;
817;0,797851563;0,425390625;2919;;;;;;;
818;0,798828125;0,145986328;2346;;;;;;;
819;0,799804688;0,235415039;2530;;;;;;;
820;0,80078125;0,608598633;3294;;;;;;;
821;0,801757813;-0,874467773;257;;;;;;;
822;0,802734375;-0,38043457;1268;;;;;;;
823;0,803710938;0,122299805;2298;;;;;;;
824;0,8046875;0,019819336;2088;;;;;;;
825;0,805664063;0,806308594;3699;;;;;;;
826;0,806640625;0,01546875;2079;;;;;;;
827;0,807617188;0,097646484;2247;;;;;;;
828;0,80859375;-0,320009766;1392;;;;;;;
829;0,809570313;-0,47034668;1084;;;;;;;
830;0,810546875;-0,8353125;337;;;;;;;
831;0,811523438;0,495;3061;;;;;;;
832;0,8125;-0,036254883;1973;;;;;;;
833;0,813476563;-0,948911133;104;;;;;;;
834;0,814453125;0,140185547;2335;;;;;;;
835;0,815429688;-0,613916016;790;;;;;;;
836;0,81640625;0,730415039;3543;;;;;;;
837;0,817382813;0,551074219;3176;;;;;;;
838;0,818359375;-0,510952148;1001;;;;;;;
839;0,819335938;-0,42394043;1179;;;;;;;
840;0,8203125;0,096679688;2246;;;;;;;
841;0,821289063;-0,416689453;1194;;;;;;;
842;0,822265625;0,036738281;2123;;;;;;;
843;0,823242188;0,048339844;2147;;;;;;;
844;0,82421875;-0,939243164;124;;;;;;;
845;0,825195313;0,753618164;3591;;;;;;;
846;0,826171875;-0,031904297;1982;;;;;;;
847;0,827148438;0,108764648;2270;;;;;;;
848;0,828125;0,116499023;2286;;;;;;;
849;0,829101563;0,291005859;2643;;;;;;;
850;0,830078125;-0,521586914;979;;;;;;;
851;0,831054688;0,444726563;2958;;;;;;;
852;0,83203125;-0,87253418;261;;;;;;;
853;0,833007813;0,986616211;4068;;;;;;;
854;0,833984375;0,659355469;3398;;;;;;;
855;0,834960938;0,103930664;2260;;;;;;;
856;0,8359375;-0,824194336;360;;;;;;;
857;0,836914063;-0,180791016;1677;;;;;;;
858;0,837890625;0,675307617;3431;;;;;;;
859;0,838867188;-0,71784668;577;;;;;;;
860;0,83984375;-0,509018555;1005;;;;;;;
861;0,840820313;-0,101030273;1841;;;;;;;
862;0,841796875;-0,655004883;706;;;;;;;
863;0,842773438;-0,211728516;1614;;;;;;;
864;0,84375;0,405571289;2878;;;;;;;
865;0,844726563;-0,195776367;1647;;;;;;;
866;0,845703125;0,025620117;2100;;;;;;;
867;0,846679688;-0,973564453;54;;;;;;;
868;0,84765625;-0,697543945;619;;;;;;;
869;0,848632813;-0,369316406;1291;;;;;;;
870;0,849609375;-0,894287109;216;;;;;;;
871;0,850585938;-0,597963867;823;;;;;;;
872;0,8515625;0,429257813;2927;;;;;;;
873;0,852539063;0,841113281;3770;;;;;;;
874;0,853515625;0,304541016;2671;;;;;;;
875;0,854492188;-0,089428711;1864;;;;;;;
876;0,85546875;-0,299707031;1434;;;;;;;
877;0,856445313;0,115532227;2284;;;;;;;
878;0,857421875;0,410405273;2888;;;;;;;
879;0,858398438;0,627451172;3333;;;;;;;
880;0,859375;-0,085561523;1872;;;;;;;
881;0,860351563;0,583945313;3243;;;;;;;
882;0,861328125;-0,084111328;1875;;;;;;;
883;0,862304688;0,7734375;3632;;;;;;;
884;0,86328125;0,155654297;2366;;;;;;;
885;0,864257813;0,75168457;3587;;;;;;;
886;0,865234375;0,325327148;2714;;;;;;;
887;0,866210938;-0,788422852;433;;;;;;;
888;0,8671875;-0,772470703;465;;;;;;;
889;0,868164063;-0,498867188;1026;;;;;;;
890;0,869140625;0,189975586;2437;;;;;;;
891;0,870117188;-0,268286133;1498;;;;;;;
892;0,87109375;-0,465996094;1093;;;;;;;
893;0,872070313;0,05559082;2161;;;;;;;
894;0,873046875;-0,499350586;1025;;;;;;;
895;0,874023438;-0,865283203;275;;;;;;;
896;0,875;0,910722656;3913;;;;;;;
897;0,875976563;0,662255859;3404;;;;;;;
898;0,876953125;-0,441826172;1143;;;;;;;
899;0,877929688;-0,605214844;808;;;;;;;
900;0,87890625;-0,444243164;1138;;;;;;;
901;0,879882813;0,392036133;2850;;;;;;;
902;0,880859375;-0,525454102;971;;;;;;;
903;0,881835938;-0,249916992;1536;;;;;;;
904;0,8828125;-0,490166016;1044;;;;;;;
905;0,883789063;0,953745117;4001;;;;;;;
906;0,884765625;0,58152832;3238;;;;;;;
907;0,885742188;0,631801758;3341;;;;;;;
908;0,88671875;-0,495966797;1032;;;;;;;
909;0,887695313;0,125683594;2305;;;;;;;
910;0,888671875;-0,833862305;340;;;;;;;
911;0,889648438;-0,906855469;190;;;;;;;
912;0,890625;0,112148438;2277;;;;;;;
913;0,891601563;-0,139702148;1761;;;;;;;
914;0,892578125;0,677241211;3434;;;;;;;
915;0,893554688;0,521586914;3116;;;;;;;
916;0,89453125;0,480981445;3033;;;;;;;
917;0,895507813;-0,441826172;1143;;;;;;;
918;0,896484375;0,200126953;2457;;;;;;;
919;0,897460938;-0,987583008;25;;;;;;;
920;0,8984375;-0,662739258;690;;;;;;;
921;0,899414063;-0,551074219;919;;;;;;;
922;0,900390625;-0,843046875;321;;;;;;;
923;0,901367188;-0,482915039;1058;;;;;;;
924;0,90234375;0,626967773;3332;;;;;;;
925;0,903320313;-0,856098633;294;;;;;;;
926;0,904296875;0,76715332;3619;;;;;;;
927;0,905273438;0,825161133;3737;;;;;;;
928;0,90625;0,540922852;3155;;;;;;;
929;0,907226563;-0,432641602;1161;;;;;;;
930;0,908203125;-0,375117188;1279;;;;;;;
931;0,909179688;0,715913086;3514;;;;;;;
932;0,91015625;-0,716879883;579;;;;;;;
933;0,911132813;-0,700444336;613;;;;;;;
934;0,912109375;-0,532705078;957;;;;;;;
935;0,913085938;-0,888486328;228;;;;;;;
936;0,9140625;-0,390102539;1249;;;;;;;
937;0,915039063;0,041572266;2133;;;;;;;
938;0,916015625;0,953261719;4000;;;;;;;
939;0,916992188;-0,422490234;1182;;;;;;;
940;0,91796875;-0,906855469;190;;;;;;;
941;0,918945313;-0,429257813;1168;;;;;;;
942;0,919921875;0,426357422;2921;;;;;;;
943;0,920898438;-0,710112305;593;;;;;;;
944;0,921875;-0,043505859;1958;;;;;;;
945;0,922851563;0,280854492;2623;;;;;;;
946;0,923828125;0,941660156;3976;;;;;;;
947;0,924804688;-0,72703125;559;;;;;;;
948;0,92578125;-0,083144531;1877;;;;;;;
949;0,926757813;-0,701411133;611;;;;;;;
950;0,927734375;-0,108764648;1825;;;;;;;
951;0,928710938;-0,538022461;946;;;;;;;
952;0,9296875;0,785522461;3656;;;;;;;
953;0,930664063;-0,745883789;520;;;;;;;
954;0,931640625;0,152270508;2359;;;;;;;
955;0,932617188;-0,481948242;1060;;;;;;;
956;0,93359375;-0,865283203;275;;;;;;;
957;0,934570313;-0,356264648;1318;;;;;;;
958;0,935546875;0,405087891;2877;;;;;;;
959;0,936523438;0,858515625;3806;;;;;;;
960;0,9375;0,815493164;3718;;;;;;;
961;0,938476563;0,481464844;3034;;;;;;;
962;0,939453125;-0,443759766;1139;;;;;;;
963;0,940429688;-0,351914063;1327;;;;;;;
964;0,94140625;0,511435547;3095;;;;;;;
965;0,942382813;-0,789389648;431;;;;;;;
966;0,943359375;-0,187075195;1664;;;;;;;
967;0,944335938;-0,623100586;771;;;;;;;
968;0,9453125;0,67434082;3429;;;;;;;
969;0,946289063;0,131967773;2318;;;;;;;
970;0,947265625;-0,766186523;478;;;;;;;
971;0,948242188;-0,485332031;1054;;;;;;;
972;0,94921875;0,083144531;2218;;;;;;;
973;0,950195313;-0,562675781;895;;;;;;;
974;0,951171875;-0,537055664;948;;;;;;;
975;0,952148438;0,944077148;3981;;;;;;;
976;0,953125;0,002900391;2053;;;;;;;
977;0,954101563;-0,506118164;1011;;;;;;;
978;0,955078125;0,869633789;3829;;;;;;;
979;0,956054688;0,927158203;3946;;;;;;;
980;0,95703125;-0,808242188;392;;;;;;;
981;0,958007813;-0,249916992;1536;;;;;;;
982;0,958984375;-0,312758789;1407;;;;;;;
983;0,959960938;-0,428774414;1169;;;;;;;
984;0,9609375;0,124716797;2303;;;;;;;
985;0,961914063;-0,5878125;844;;;;;;;
986;0,962890625;-0,775854492;459;;;;;;;
987;0,963867188;0,883652344;3857;;;;;;;
988;0,96484375;0,771020508;3627;;;;;;;
989;0,965820313;-0,39300293;1243;;;;;;;
990;0,966796875;0,129067383;2312;;;;;;;
991;0,967773438;-0,845463867;316;;;;;;;
992;0,96875;-0,820327148;367;;;;;;;
993;0,969726563;-0,896704102;211;;;;;;;
994;0,970703125;0,481948242;3035;;;;;;;
995;0,971679688;0,946494141;3986;;;;;;;
996;0,97265625;0,586362305;3248;;;;;;;
997;0,973632813;0,204477539;2466;;;;;;;
998;0,974609375;0,138735352;2332;;;;;;;
999;0,975585938;-0,7425;527;;;;;;;
1000;0,9765625;0,861899414;3813;;;;;;;
1001;0,977539063;0,888486328;3867;;;;;;;
1002;0,978515625;0,286171875;2634;;;;;;;
1003;0,979492188;-0,282788086;1468;;;;;;;
1004;0,98046875;-0,068642578;1907;;;;;;;
1005;0,981445313;-0,614399414;789;;;;;;;
1006;0,982421875;0,413305664;2894;;;;;;;
1007;0,983398438;-0,552041016;917;;;;;;;
1008;0,984375;-0,680141602;655;;;;;;;
1009;0,985351563;-0,361098633;1308;;;;;;;
1010;0,986328125;0,896220703;3883;;;;;;;
1011;0,987304688;0,949394531;3992;;;;;;;
1012;0,98828125;0,070576172;2192;;;;;;;
1013;0,989257813;-0,451494141;1123;;;;;;;
1014;0,990234375;-0,482915039;1058;;;;;;;
1015;0,991210938;-0,312275391;1408;;;;;;;
1016;0,9921875;-0,650654297;715;;;;;;;
1017;0,993164063;-0,920874023;162;;;;;;;
1018;0,994140625;-0,255717773;1524;;;;;;;
1019;0,995117188;0,269736328;2600;;;;;;;
1020;0,99609375;-0,100546875;1842;;;;;;;
1021;0,997070313;0,834829102;3757;;;;;;;
1022;0,998046875;-0,515786133;991;;;;;;;
1023;0,999023438;-0,156137695;1728;;;;;;;
1024;1;0,131967773;2318;;;;;;;
1025;1,000976563;-0,549624023;922;;;;;;;
1026;1,001953125;0,062358398;2175;;;;;;;
1027;1,002929688;-0,611499023;795;;;;;;;
1028;1,00390625;-0,927641602;148;;;;;;;
1029;1,004882813;0,600380859;3277;;;;;;;
1030;1,005859375;-0,51046875;1002;;;;;;;
1031;1,006835938;0,909272461;3910;;;;;;;
1032;1,0078125;0,263935547;2588;;;;;;;
1033;1,008789063;-0,900571289;203;;;;;;;
1034;1,009765625;0,217045898;2492;;;;;;;
1035;1,010742188;-0,245083008;1546;;;;;;;
1036;1,01171875;-0,352397461;1326;;;;;;;
1037;1,012695313;0,189492188;2436;;;;;;;
1038;1,013671875;0,521586914;3116;;;;;;;
1039;1,014648438;-0,724614258;563;;;;;;;
1040;1,015625;0,513369141;3099;;;;;;;
1041;1,016601563;-0,506118164;1011;;;;;;;
1042;1,017578125;-0,00918457;2029;;;;;;;
1043;1,018554688;0,607631836;3292;;;;;;;
1044;1,01953125;0,882685547;3855;;;;;;;
1045;1,020507813;-0,656455078;703;;;;;;;
1046;1,021484375;0,557841797;3190;;;;;;;
1047;1,022460938;-0,246049805;1544;;;;;;;
1048;1,0234375;-0,629384766;759;;;;;;;
1049;1,024414063;0,85996582;3809;;;;;;;
1050;1,025390625;0,470830078;3012;;;;;;;
1051;1,026367188;0,467929688;3006;;;;;;;
1052;1,02734375;0,252333984;2564;;;;;;;
1053;1,028320313;0,514335938;3101;;;;;;;
1054;1,029296875;-0,961962891;77;;;;;;;
1055;1,030273438;0,493066406;3057;;;;;;;
1056;1,03125;-0,247016602;1542;;;;;;;
1057;1,032226563;0,662739258;3405;;;;;;;
1058;1,033203125;0,969697266;4033;;;;;;;
1059;1,034179688;-0,281337891;1471;;;;;;;
1060;1,03515625;0,877851563;3845;;;;;;;
1061;1,036132813;-0,125200195;1791;;;;;;;
1062;1,037109375;-0,482915039;1058;;;;;;;
1063;1,038085938;-0,536088867;950;;;;;;;
1064;1,0390625;0,968730469;4031;;;;;;;
1065;1,040039063;0,219946289;2498;;;;;;;
1066;1,041015625;-0,420556641;1186;;;;;;;
1067;1,041992188;0,440859375;2950;;;;;;;
1068;1,04296875;0,514335938;3101;;;;;;;
1069;1,043945313;-0,383818359;1261;;;;;;;
1070;1,044921875;0,957128906;4008;;;;;;;
1071;1,045898438;0,749750977;3583;;;;;;;
1072;1,046875;-0,609082031;800;;;;;;;
1073;1,047851563;0,164355469;2384;;;;;;;
1074;1,048828125;-0,578144531;863;;;;;;;
1075;1,049804688;0,901538086;3894;;;;;;;
1076;1,05078125;0,81065918;3708;;;;;;;
1077;1,051757813;-0,73331543;546;;;;;;;
1078;1,052734375;0,476147461;3023;;;;;;;
1079;1,053710938;-0,616816406;784;;;;;;;
1080;1,0546875;-0,801958008;405;;;;;;;
1081;1,055664063;0,729931641;3542;;;;;;;
1082;1,056640625;0,713496094;3509;;;;;;;
1083;1,057617188;0,953745117;4001;;;;;;;
1084;1,05859375;0,296806641;2655;;;;;;;
1085;1,059570313;-0,381401367;1266;;;;;;;
1086;1,060546875;-0,374633789;1280;;;;;;;
1087;1,061523438;0,419106445;2906;;;;;;;
1088;1,0625;0,617299805;3312;;;;;;;
1089;1,063476563;-0,064775391;1915;;;;;;;
1090;1,064453125;0,386235352;2839;;;;;;;
1091;1,065429688;0,316142578;2695;;;;;;;
1092;1,06640625;0,906855469;3905;;;;;;;
1093;1,067382813;0,912172852;3916;;;;;;;
1094;1,068359375;0,465996094;3002;;;;;;;
1095;1,069335938;0,614882813;3307;;;;;;;
1096;1,0703125;0,341762695;2747;;;;;;;
1097;1,071289063;0,768120117;3621;;;;;;;
1098;1,072265625;-0,988066406;24;;;;;;;
1099;1,073242188;0,882202148;3854;;;;;;;
1100;1,07421875;0,668540039;3417;;;;;;;
1101;1,075195313;-0,396386719;1236;;;;;;;
1102;1,076171875;0,670473633;3421;;;;;;;
1103;1,077148438;-0,152753906;1735;;;;;;;
1104;1,078125;-0,931992188;139;;;;;;;
1105;1,079101563;-0,744916992;522;;;;;;;
1106;1,080078125;0,26296875;2586;;;;;;;
1107;1,081054688;-0,543823242;934;;;;;;;
1108;1,08203125;-0,08652832;1870;;;;;;;
1109;1,083007813;0,785039063;3655;;;;;;;
1110;1,083984375;0,375600586;2817;;;;;;;
1111;1,084960938;0,829511719;3746;;;;;;;
1112;1,0859375;0,021269531;2091;;;;;;;
1113;1,086914063;-0,145019531;1751;;;;;;;
1114;1,087890625;-0,772954102;464;;;;;;;
1115;1,088867188;0,421523438;2911;;;;;;;
1116;1,08984375;0,747333984;3578;;;;;;;
1117;1,090820313;0,125200195;2304;;;;;;;
1118;1,091796875;-0,286655273;1460;;;;;;;
1119;1,092773438;-0,824677734;359;;;;;;;
1120;1,09375;-0,175957031;1687;;;;;;;
1121;1,094726563;-0,128583984;1784;;;;;;;
1122;1,095703125;0,753134766;3590;;;;;;;
1123;1,096679688;0,528354492;3130;;;;;;;
1124;1,09765625;-0,771020508;468;;;;;;;
1125;1,098632813;-0,753134766;505;;;;;;;
1126;1,099609375;0,952294922;3998;;;;;;;
1127;1,100585938;-0,53222168;958;;;;;;;
1128;1,1015625;-0,391069336;1247;;;;;;;
1129;1,102539063;-0,422490234;1182;;;;;;;
1130;1,103515625;-0,804375;400;;;;;;;
1131;1,104492188;0,000483398;2048;;;;;;;
1132;1,10546875;0,981782227;4058;;;;;;;
1133;1,106445313;-0,032387695;1981;;;;;;;
1134;1,107421875;-0,541889648;938;;;;;;;
1135;1,108398438;0,389135742;2844;;;;;;;
1136;1,109375;0,148886719;2352;;;;;;;
1137;1,110351563;-0,599897461;819;;;;;;;
1138;1,111328125;0,913623047;3919;;;;;;;
1139;1,112304688;0,488232422;3047;;;;;;;
1140;1,11328125;0,431674805;2932;;;;;;;
1141;1,114257813;0,94359375;3980;;;;;;;
1142;1,115234375;0,600864258;3278;;;;;;;
1143;1,116210938;0,853681641;3796;;;;;;;
1144;1,1171875;0,437958984;2944;;;;;;;
1145;1,118164063;0,880751953;3851;;;;;;;
1146;1,119140625;-0,266835938;1501;;;;;;;
1147;1,120117188;0,218012695;2494;;;;;;;
1148;1,12109375;0,110698242;2274;;;;;;;
1149;1,122070313;0,406054688;2879;;;;;;;
1150;1,123046875;0,467446289;3005;;;;;;;
1151;1,124023438;-0,90347168;197;;;;;;;
1152;1,125;-0,414272461;1199;;;;;;;
1153;1,125976563;0,112148438;2277;;;;;;;
1154;1,126953125;-0,578144531;863;;;;;;;
1155;1,127929688;-0,391552734;1246;;;;;;;
1156;1,12890625;0,552041016;3178;;;;;;;
1157;1,129882813;-0,100546875;1842;;;;;;;
1158;1,130859375;0,037705078;2125;;;;;;;
1159;1,131835938;0,728964844;3540;;;;;;;
1160;1,1328125;0,988549805;4072;;;;;;;
1161;1,133789063;-0,529321289;963;;;;;;;
1162;1,134765625;0,278920898;2619;;;;;;;
1163;1,135742188;-0,492099609;1040;;;;;;;
1164;1,13671875;-0,221879883;1593;;;;;;;
1165;1,137695313;-0,183208008;1672;;;;;;;
1166;1,138671875;-0,109248047;1824;;;;;;;
1167;1,139648438;-0,542856445;936;;;;;;;
1168;1,140625;0,963413086;4021;;;;;;;
1169;1,141601563;-0,058491211;1928;;;;;;;
1170;1,142578125;0,468896484;3008;;;;;;;
1171;1,143554688;-0,67434082;666;;;;;;;
1172;1,14453125;0,272636719;2606;;;;;;;
1173;1,145507813;-0,219462891;1598;;;;;;;
1174;1,146484375;-0,853681641;299;;;;;;;
1175;1,147460938;-0,061391602;1922;;;;;;;
1176;1,1484375;0,694643555;3470;;;;;;;
1177;1,149414063;0,091362305;2235;;;;;;;
1178;1,150390625;0,881235352;3852;;;;;;;
1179;1,151367188;0,422006836;2912;;;;;;;
1180;1,15234375;-0,088945313;1865;;;;;;;
1181;1,153320313;-0,747817383;516;;;;;;;
1182;1,154296875;0,790356445;3666;;;;;;;
1183;1,155273438;-0,415239258;1197;;;;;;;
1184;1,15625;-0,048823242;1948;;;;;;;
1185;1,157226563;0,370766602;2807;;;;;;;
1186;1,158203125;-0,562192383;896;;;;;;;
1187;1,159179688;0,476147461;3023;;;;;;;
1188;1,16015625;0,043989258;2138;;;;;;;
1189;1,161132813;0,236865234;2533;;;;;;;
1190;1,162109375;-0,939243164;124;;;;;;;
1191;1,163085938;-0,671923828;671;;;;;;;
1192;1,1640625;0,831928711;3751;;;;;;;
1193;1,165039063;0,311308594;2685;;;;;;;
1194;1,166015625;0,589262695;3254;;;;;;;
1195;1,166992188;-0,539956055;942;;;;;;;
1196;1,16796875;0,553491211;3181;;;;;;;
1197;1,168945313;-0,401220703;1226;;;;;;;
1198;1,169921875;0,843530273;3775;;;;;;;
1199;1,170898438;-0,949394531;103;;;;;;;
1200;1,171875;-0,051240234;1943;;;;;;;
1201;1,172851563;0,476630859;3024;;;;;;;
1202;1,173828125;-0,556875;907;;;;;;;
1203;1,174804688;-0,127133789;1787;;;;;;;
1204;1,17578125;0,754584961;3593;;;;;;;
1205;1,176757813;-0,600864258;817;;;;;;;
1206;1,177734375;-0,596513672;826;;;;;;;
1207;1,178710938;0,177407227;2411;;;;;;;
1208;1,1796875;-0,382368164;1264;;;;;;;
1209;1,180664063;-0,883652344;238;;;;;;;
1210;1,181640625;0,148886719;2352;;;;;;;
1211;1,182617188;0,777304688;3639;;;;;;;
1212;1,18359375;-0,642919922;731;;;;;;;
1213;1,184570313;0,930058594;3952;;;;;;;
1214;1,185546875;-0,821777344;365;;;;;;;
1215;1,186523438;-0,202543945;1633;;;;;;;
1216;1,1875;-0,537055664;948;;;;;;;
1217;1,188476563;0,462128906;2994;;;;;;;
1218;1,189453125;0,078793945;2209;;;;;;;
1219;1,190429688;-0,923291016;157;;;;;;;
1220;1,19140625;0,433608398;2936;;;;;;;
1221;1,192382813;-0,879785156;246;;;;;;;
1222;1,193359375;-0,126650391;1788;;;;;;;
1223;1,194335938;0,12375;2301;;;;;;;
1224;1,1953125;0,672890625;3426;;;;;;;
1225;1,196289063;0,94359375;3980;;;;;;;
1226;1,197265625;0,830478516;3748;;;;;;;
1227;1,198242188;0,167255859;2390;;;;;;;
1228;1,19921875;0,829511719;3746;;;;;;;
1229;1,200195313;0,68980957;3460;;;;;;;
1230;1,201171875;0,219946289;2498;;;;;;;
1231;1,202148438;-0,65597168;704;;;;;;;
1232;1,203125;-0,14840332;1744;;;;;;;
1233;1,204101563;0,585878906;3247;;;;;;;
1234;1,205078125;0,126650391;2307;;;;;;;
1235;1,206054688;0,067192383;2185;;;;;;;
1236;1,20703125;0,363999023;2793;;;;;;;
1237;1,208007813;-0,588779297;842;;;;;;;
1238;1,208984375;-0,258618164;1518;;;;;;;
1239;1,209960938;-0,448110352;1130;;;;;;;
1240;1,2109375;-0,939726563;123;;;;;;;
1241;1,211914063;0,044472656;2139;;;;;;;
1242;1,212890625;0,986616211;4068;;;;;;;
1243;1,213867188;0,53222168;3137;;;;;;;
1244;1,21484375;0,285688477;2633;;;;;;;
1245;1,215820313;0,446176758;2961;;;;;;;
1246;1,216796875;0,151787109;2358;;;;;;;
1247;1,217773438;0,728964844;3540;;;;;;;
1248;1,21875;0,409438477;2886;;;;;;;
1249;1,219726563;-0,655004883;706;;;;;;;
1250;1,220703125;0,319526367;2702;;;;;;;
1251;1,221679688;0,072993164;2197;;;;;;;
1252;1,22265625;0,536088867;3145;;;;;;;
1253;1,223632813;-0,431674805;1163;;;;;;;
1254;1,224609375;0,303574219;2669;;;;;;;
1255;1,225585938;0,413789063;2895;;;;;;;
1256;1,2265625;0,503701172;3079;;;;;;;
1257;1,227539063;0,64340332;3365;;;;;;;
1258;1,228515625;0,19480957;2446;;;;;;;
1259;1,229492188;0,150820313;2356;;;;;;;
1260;1,23046875;-0,883168945;239;;;;;;;
1261;1,231445313;0,792773438;3671;;;;;;;
1262;1,232421875;-0,738632813;535;;;;;;;
1263;1,233398438;0,846430664;3781;;;;;;;
1264;1,234375;0,603764648;3284;;;;;;;
1265;1,235351563;0,357714844;2780;;;;;;;
1266;1,236328125;0,391069336;2848;;;;;;;
1267;1,237304688;0;2048;;;;;;;
1268;1,23828125;0,771503906;3628;;;;;;;
1269;1,239257813;-0,078793945;1886;;;;;;;
1270;1,240234375;-0,84449707;318;;;;;;;
1271;1,241210938;0,392036133;2850;;;;;;;
1272;1,2421875;0,019335938;2087;;;;;;;
1273;1,243164063;-0,517719727;987;;;;;;;
1274;1,244140625;0,421523438;2911;;;;;;;
1275;1,245117188;0,850297852;3789;;;;;;;
1276;1,24609375;-0,281337891;1471;;;;;;;
1277;1,247070313;0,305991211;2674;;;;;;;
1278;1,248046875;0,394936523;2856;;;;;;;
1279;1,249023438;-0,649204102;718;;;;;;;
1280;1,25;-0,215112305;1607;;;;;;;
1281;1,250976563;0,047856445;2146;;;;;;;
1282;1,251953125;0,853681641;3796;;;;;;;
1283;1,252929688;-0,910722656;182;;;;;;;
1284;1,25390625;0,951328125;3996;;;;;;;
1285;1,254882813;-0,000966797;2046;;;;;;;
1286;1,255859375;-0,062841797;1919;;;;;;;
1287;1,256835938;-0,475664063;1073;;;;;;;
1288;1,2578125;-0,939243164;124;;;;;;;
1289;1,258789063;0,301640625;2665;;;;;;;
1290;1,259765625;-0,573793945;872;;;;;;;
1291;1,260742188;0,098129883;2248;;;;;;;
1292;1,26171875;-0,131967773;1777;;;;;;;
1293;1,262695313;-0,362548828;1305;;;;;;;
1294;1,263671875;0,382851563;2832;;;;;;;
1295;1,264648438;0,234931641;2529;;;;;;;
1296;1,265625;0,499833984;3071;;;;;;;
1297;1,266601563;-0,839179688;329;;;;;;;
1298;1,267578125;-0,219462891;1598;;;;;;;
1299;1,268554688;0,505151367;3082;;;;;;;
1300;1,26953125;-0,577661133;864;;;;;;;
1301;1,270507813;-0,354814453;1321;;;;;;;
1302;1,271484375;-0,650654297;715;;;;;;;
1303;1,272460938;-0,201577148;1635;;;;;;;
1304;1,2734375;-0,681108398;653;;;;;;;
1305;1,274414063;-0,860932617;284;;;;;;;
1306;1,275390625;0,071542969;2194;;;;;;;
1307;1,276367188;0,548657227;3171;;;;;;;
1308;1,27734375;-0,605698242;807;;;;;;;
1309;1,278320313;-0,336928711;1357;;;;;;;
1310;1,279296875;-0,132451172;1776;;;;;;;
1311;1,280273438;0,404604492;2876;;;;;;;
1312;1,28125;0,301157227;2664;;;;;;;
1313;1,282226563;0,464545898;2999;;;;;;;
1314;1,283203125;-0,563642578;893;;;;;;;
1315;1,284179688;-0,639052734;739;;;;;;;
1316;1,28515625;0,629384766;3336;;;;;;;
1317;1,286132813;-0,976464844;48;;;;;;;
1318;1,287109375;-0,678208008;659;;;;;;;
1319;1,288085938;0,853198242;3795;;;;;;;
1320;1,2890625;0,068642578;2188;;;;;;;
1321;1,290039063;0,986616211;4068;;;;;;;
1322;1,291015625;-0,872050781;262;;;;;;;
1323;1,291992188;0,738149414;3559;;;;;;;
1324;1,29296875;0,691743164;3464;;;;;;;
1325;1,293945313;0,500317383;3072;;;;;;;
1326;1,294921875;-0,859482422;287;;;;;;;
1327;1,295898438;0,069125977;2189;;;;;;;
1328;1,296875;0,062841797;2176;;;;;;;
1329;1,297851563;0,948427734;3990;;;;;;;
1330;1,298828125;-0,883652344;238;;;;;;;
1331;1,299804688;0,108764648;2270;;;;;;;
1332;1,30078125;-0,540922852;940;;;;;;;
1333;1,301757813;0,789873047;3665;;;;;;;
1334;1,302734375;0,429257813;2927;;;;;;;
1335;1,303710938;0,754101563;3592;;;;;;;
1336;1,3046875;-0,530771484;960;;;;;;;
1337;1,305664063;-0,797607422;414;;;;;;;
1338;1,306640625;0,248950195;2557;;;;;;;
1339;1,307617188;-0,57234375;875;;;;;;;
1340;1,30859375;0,116499023;2286;;;;;;;
1341;1,309570313;0,723647461;3530;;;;;;;
1342;1,310546875;0,569443359;3214;;;;;;;
1343;1,311523438;0,441826172;2952;;;;;;;
1344;1,3125;0,007734375;2063;;;;;;;
1345;1,313476563;0,480498047;3032;;;;;;;
1346;1,314453125;-0,482431641;1059;;;;;;;
1347;1,315429688;-0,343212891;1345;;;;;;;
1348;1,31640625;0,419589844;2907;;;;;;;
1349;1,317382813;0,031904297;2113;;;;;;;
1350;1,318359375;0,759418945;3603;;;;;;;
1351;1,319335938;-0,26296875;1509;;;;;;;
1352;1,3203125;-0,211728516;1614;;;;;;;
1353;1,321289063;0,927158203;3946;;;;;;;
1354;1,322265625;0,313725586;2690;;;;;;;
1355;1,323242188;0,808725586;3704;;;;;;;
1356;1,32421875;0,58152832;3238;;;;;;;
1357;1,325195313;0,211245117;2480;;;;;;;
1358;1,326171875;0,310825195;2684;;;;;;;
1359;1,327148438;-0,626000977;765;;;;;;;
1360;1,328125;0,682558594;3445;;;;;;;
1361;1,329101563;-0,576694336;866;;;;;;;
1362;1,330078125;0,885585938;3861;;;;;;;
1363;1,331054688;-0,514335938;994;;;;;;;
1364;1,33203125;0,548657227;3171;;;;;;;
1365;1,333007813;0,465996094;3002;;;;;;;
1366;1,333984375;-0,549624023;922;;;;;;;
1367;1,334960938;0,515302734;3103;;;;;;;
1368;1,3359375;0,575727539;3227;;;;;;;
1369;1,336914063;0,887036133;3864;;;;;;;
1370;1,337890625;0,434575195;2938;;;;;;;
1371;1,338867188;-0,832895508;342;;;;;;;
1372;1,33984375;0,849814453;3788;;;;;;;
1373;1,340820313;-0,393969727;1241;;;;;;;
1374;1,341796875;0,842080078;3772;;;;;;;
1375;1,342773438;0,098129883;2248;;;;;;;
1376;1,34375;-0,498383789;1027;;;;;;;
1377;1,344726563;-0,7425;527;;;;;;;
1378;1,345703125;0,898154297;3887;;;;;;;
1379;1,346679688;-0,719296875;574;;;;;;;
1380;1,34765625;-0,662739258;690;;;;;;;
1381;1,348632813;0,699477539;3480;;;;;;;
1382;1,349609375;-0,81355957;381;;;;;;;
1383;1,350585938;0,69609375;3473;;;;;;;
1384;1,3515625;-0,261518555;1512;;;;;;;
1385;1,352539063;-0,642436523;732;;;;;;;
1386;1,353515625;-0,16097168;1718;;;;;;;
1387;1,354492188;0,458745117;2987;;;;;;;
1388;1,35546875;-0,044472656;1956;;;;;;;
1389;1,356445313;0,135834961;2326;;;;;;;
1390;1,357421875;-0,522553711;977;;;;;;;
1391;1,358398438;0,708178711;3498;;;;;;;
1392;1,359375;-0,350463867;1330;;;;;;;
1393;1,360351563;-0,714462891;584;;;;;;;
1394;1,361328125;-0,043989258;1957;;;;;;;
1395;1,362304688;0,932958984;3958;;;;;;;
1396;1,36328125;0,811625977;3710;;;;;;;
1397;1,364257813;-0,820810547;366;;;;;;;
1398;1,365234375;-0,65887207;698;;;;;;;
1399;1,366210938;0,817426758;3722;;;;;;;
1400;1,3671875;-0,620200195;777;;;;;;;
1401;1,368164063;-0,638085938;741;;;;;;;
1402;1,369140625;0,513369141;3099;;;;;;;
1403;1,370117188;-0,074926758;1894;;;;;;;
1404;1,37109375;-0,061875;1921;;;;;;;
1405;1,372070313;0,788422852;3662;;;;;;;
1406;1,373046875;-0,931025391;141;;;;;;;
1407;1,374023438;-0,799541016;410;;;;;;;
1408;1,375;0,028037109;2105;;;;;;;
1409;1,375976563;0,741049805;3565;;;;;;;
1410;1,376953125;-0,768603516;473;;;;;;;
1411;1,377929688;0,225263672;2509;;;;;;;
1412;1,37890625;-0,730415039;552;;;;;;;
1413;1,379882813;-0,868183594;269;;;;;;;
1414;1,380859375;-0,756518555;498;;;;;;;
1415;1,381835938;-0,039638672;1966;;;;;;;
1416;1,3828125;-0,675307617;664;;;;;;;
1417;1,383789063;0,709628906;3501;;;;;;;
1418;1,384765625;-0,20109375;1636;;;;;;;
1419;1,385742188;-0,924257813;155;;;;;;;
1420;1,38671875;-0,567509766;885;;;;;;;
1421;1,387695313;0,350947266;2766;;;;;;;
1422;1,388671875;0,879301758;3848;;;;;;;
1423;1,389648438;0,737182617;3557;;;;;;;
1424;1,390625;0,451010742;2971;;;;;;;
1425;1,391601563;0,007250977;2062;;;;;;;
1426;1,392578125;-0,23831543;1559;;;;;;;
1427;1,393554688;0,590712891;3257;;;;;;;
1428;1,39453125;0,546723633;3167;;;;;;;
1429;1,395507813;-0,057041016;1931;;;;;;;
1430;1,396484375;0,70527832;3492;;;;;;;
1431;1,397460938;-0,034321289;1977;;;;;;;
1432;1,3984375;-0,729448242;554;;;;;;;
1433;1,399414063;-0,598930664;821;;;;;;;
1434;1,400390625;-0,559775391;901;;;;;;;
1435;1,401367188;-0,22284668;1591;;;;;;;
1436;1,40234375;-0,714462891;584;;;;;;;
1437;1,403320313;0,613916016;3305;;;;;;;
1438;1,404296875;-0,57862793;862;;;;;;;
1439;1,405273438;-0,388168945;1253;;;;;;;
1440;1,40625;-0,113115234;1816;;;;;;;
1441;1,407226563;0,329194336;2722;;;;;;;
1442;1,408203125;0,019819336;2088;;;;;;;
1443;1,409179688;-0,379951172;1269;;;;;;;
1444;1,41015625;-0,557358398;906;;;;;;;
1445;1,411132813;0,655488281;3390;;;;;;;
1446;1,412109375;-0,79809082;413;;;;;;;
1447;1,413085938;0,808725586;3704;;;;;;;
1448;1,4140625;-0,270703125;1493;;;;;;;
1449;1,415039063;-0,414755859;1198;;;;;;;
1450;1,416015625;-0,497900391;1028;;;;;;;
1451;1,416992188;-0,789873047;430;;;;;;;
1452;1,41796875;-0,450043945;1126;;;;;;;
1453;1,418945313;-0,171606445;1696;;;;;;;
1454;1,419921875;0,656938477;3393;;;;;;;
1455;1,420898438;-0,480014648;1064;;;;;;;
1456;1,421875;-0,832895508;342;;;;;;;
1457;1,422851563;0,232514648;2524;;;;;;;
1458;1,423828125;0,09909668;2250;;;;;;;
1459;1,424804688;0,190458984;2438;;;;;;;
1460;1,42578125;0,530288086;3134;;;;;;;
1461;1,426757813;0,74878418;3581;;;;;;;
1462;1,427734375;-0,278920898;1476;;;;;;;
1463;1,428710938;-0,803408203;402;;;;;;;
1464;1,4296875;0,786005859;3657;;;;;;;
1465;1,430664063;-0,704794922;604;;;;;;;
1466;1,431640625;0,787456055;3660;;;;;;;
1467;1,432617188;-0,308891602;1415;;;;;;;
1468;1,43359375;-0,434091797;1158;;;;;;;
1469;1,434570313;-0,825161133;358;;;;;;;
1470;1,435546875;0,461645508;2993;;;;;;;
1471;1,436523438;0,86625;3822;;;;;;;
1472;1,4375;-0,680141602;655;;;;;;;
1473;1,438476563;0,074443359;2200;;;;;;;
1474;1,439453125;0,051240234;2152;;;;;;;
1475;1,440429688;-0,723647461;565;;;;;;;
1476;1,44140625;-0,285688477;1462;;;;;;;
1477;1,442382813;-0,886069336;233;;;;;;;
1478;1,443359375;0,700444336;3482;;;;;;;
1479;1,444335938;0,36496582;2795;;;;;;;
1480;1,4453125;0,31855957;2700;;;;;;;
1481;1,446289063;0,169672852;2395;;;;;;;
1482;1,447265625;0,583461914;3242;;;;;;;
1483;1,448242188;-0,463579102;1098;;;;;;;
1484;1,44921875;-0,095712891;1851;;;;;;;
1485;1,450195313;-0,968730469;64;;;;;;;
1486;1,451171875;0,933925781;3960;;;;;;;
1487;1,452148438;-0,354331055;1322;;;;;;;
1488;1,453125;0,561708984;3198;;;;;;;
1489;1,454101563;0,456811523;2983;;;;;;;
1490;1,455078125;-0,482431641;1059;;;;;;;
1491;1,456054688;0,066708984;2184;;;;;;;
1492;1,45703125;0,292456055;2646;;;;;;;
1493;1,458007813;0,155654297;2366;;;;;;;
1494;1,458984375;-0,59409668;831;;;;;;;
1495;1,459960938;-0,049306641;1947;;;;;;;
1496;1,4609375;0,989516602;4074;;;;;;;
1497;1,461914063;-0,604248047;810;;;;;;;
1498;1,462890625;-0,618266602;781;;;;;;;
1499;1,463867188;0,763286133;3611;;;;;;;
1500;1,46484375;-0,227680664;1581;;;;;;;
1501;1,465820313;0,149370117;2353;;;;;;;
1502;1,466796875;-0,540922852;940;;;;;;;
1503;1,467773438;-0,165322266;1709;;;;;;;
1504;1,46875;-0,934892578;133;;;;;;;
1505;1,469726563;0,699960938;3481;;;;;;;
1506;1,470703125;0,248950195;2557;;;;;;;
1507;1,471679688;0,208344727;2474;;;;;;;
1508;1,47265625;0,931025391;3954;;;;;;;
1509;1,473632813;0,713496094;3509;;;;;;;
1510;1,474609375;-0,952294922;97;;;;;;;
1511;1,475585938;-0,539956055;942;;;;;;;
1512;1,4765625;-0,365932617;1298;;;;;;;
1513;1,477539063;-0,089912109;1863;;;;;;;
1514;1,478515625;-0,824677734;359;;;;;;;
1515;1,479492188;0,427324219;2923;;;;;;;
1516;1,48046875;-0,165805664;1708;;;;;;;
1517;1,481445313;0,431191406;2931;;;;;;;
1518;1,482421875;0,659355469;3398;;;;;;;
1519;1,483398438;0,451494141;2972;;;;;;;
1520;1,484375;0,438925781;2946;;;;;;;
1521;1,485351563;-0,159521484;1721;;;;;;;
1522;1,486328125;0,315175781;2693;;;;;;;
1523;1,487304688;0,288105469;2638;;;;;;;
1524;1,48828125;0,241699219;2543;;;;;;;
1525;1,489257813;-0,964379883;72;;;;;;;
1526;1,490234375;-0,70527832;603;;;;;;;
1527;1,491210938;-0,797607422;414;;;;;;;
1528;1,4921875;-0,843046875;321;;;;;;;
1529;1,493164063;-0,591679688;836;;;;;;;
1530;1,494140625;0,218496094;2495;;;;;;;
1531;1,495117188;-0,646787109;723;;;;;;;
1532;1,49609375;0,308408203;2679;;;;;;;
1533;1,497070313;0,840629883;3769;;;;;;;
1534;1,498046875;-0,147919922;1745;;;;;;;
1535;1,499023438;0,693676758;3468;;;;;;;
1536;1,5;-0,110698242;1821;;;;;;;
1537;1,500976563;0,538505859;3150;;;;;;;
1538;1,501953125;0,838696289;3765;;;;;;;
1539;1,502929688;-0,403637695;1221;;;;;;;
1540;1,50390625;0,697060547;3475;;;;;;;
1541;1,504882813;0,082661133;2217;;;;;;;
1542;1,505859375;-0,504667969;1014;;;;;;;
1543;1,506835938;0,425874023;2920;;;;;;;
1544;1,5078125;0,011601563;2071;;;;;;;
1545;1,508789063;-0,28762207;1458;;;;;;;
1546;1,509765625;0,875917969;3841;;;;;;;
1547;1,510742188;0,491616211;3054;;;;;;;
1548;1,51171875;-0,219946289;1597;;;;;;;
1549;1,512695313;-0,276987305;1480;;;;;;;
1550;1,513671875;-0,351430664;1328;;;;;;;
1551;1,514648438;0,322426758;2708;;;;;;;
1552;1,515625;0,312275391;2687;;;;;;;
1553;1,516601563;-0,236865234;1562;;;;;;;
1554;1,517578125;0,397836914;2862;;;;;;;
1555;1,518554688;-0,308408203;1416;;;;;;;
1556;1,51953125;-0,486782227;1051;;;;;;;
1557;1,520507813;-0,290522461;1453;;;;;;;
1558;1,521484375;-0,881235352;243;;;;;;;
1559;1,522460938;-0,986132813;28;;;;;;;
1560;1,5234375;0,094746094;2242;;;;;;;
1561;1,524414063;-0,580078125;860;;;;;;;
1562;1,525390625;-0,864316406;277;;;;;;;
1563;1,526367188;0,710595703;3503;;;;;;;
1564;1,52734375;-0,445693359;1135;;;;;;;
1565;1,528320313;-0,964863281;71;;;;;;;
1566;1,529296875;-0,242666016;1551;;;;;;;
1567;1,530273438;-0,412822266;1202;;;;;;;
1568;1,53125;0,546240234;3166;;;;;;;
1569;1,532226563;0,206894531;2471;;;;;;;
1570;1,533203125;0,064291992;2179;;;;;;;
1571;1,534179688;-0,165805664;1708;;;;;;;
1572;1,53515625;0,377050781;2820;;;;;;;
1573;1,536132813;0,565576172;3206;;;;;;;
1574;1,537109375;-0,167739258;1704;;;;;;;
1575;1,538085938;-0,436508789;1154;;;;;;;
1576;1,5390625;0,481948242;3035;;;;;;;
1577;1,540039063;-0,416689453;1194;;;;;;;
1578;1,541015625;-0,93440918;134;;;;;;;
1579;1,541992188;0,837246094;3762;;;;;;;
1580;1,54296875;-0,172573242;1694;;;;;;;
1581;1,543945313;0,22284668;2504;;;;;;;
1582;1,544921875;-0,809208984;390;;;;;;;
1583;1,545898438;0,538022461;3149;;;;;;;
1584;1,546875;-0,189008789;1660;;;;;;;
1585;1,547851563;-0,009667969;2028;;;;;;;
1586;1,548828125;0,773920898;3632;;;;;;;
1587;1,549804688;0,205444336;2468;;;;;;;
1588;1,55078125;0,862382813;3814;;;;;;;
1589;1,551757813;-0,116982422;1808;;;;;;;
1590;1,552734375;0,840629883;3769;;;;;;;
1591;1,553710938;-0,064775391;1915;;;;;;;
1592;1,5546875;-0,956162109;89;;;;;;;
1593;1,555664063;-0,901054688;202;;;;;;;
1594;1,556640625;-0,300673828;1432;;;;;;;
1595;1,557617188;-0,203510742;1631;;;;;;;
1596;1,55859375;-0,539472656;943;;;;;;;
1597;1,559570313;-0,203994141;1630;;;;;;;
1598;1,560546875;0,633735352;3345;;;;;;;
1599;1,561523438;0,398803711;2864;;;;;;;
1600;1,5625;0,196259766;2449;;;;;;;
1601;1,563476563;0,780205078;3645;;;;;;;
1602;1,564453125;-0,432158203;1162;;;;;;;
1603;1,565429688;-0,141152344;1758;;;;;;;
1604;1,56640625;-0,227680664;1581;;;;;;;
1605;1,567382813;0,674824219;3430;;;;;;;
1606;1,568359375;0,372700195;2811;;;;;;;
1607;1,569335938;-0,678691406;658;;;;;;;
1608;1,5703125;-0,495966797;1032;;;;;;;
1609;1,571289063;-0,289555664;1454;;;;;;;
1610;1,572265625;-0,554458008;912;;;;;;;
1611;1,573242188;-0,009667969;2028;;;;;;;
1612;1,57421875;0,19480957;2446;;;;;;;
1613;1,575195313;-0,00918457;2029;;;;;;;
1614;1,576171875;0,886552734;3863;;;;;;;
1615;1,577148438;-0,593129883;833;;;;;;;
1616;1,578125;0,724614258;3532;;;;;;;
1617;1,579101563;-0,239282227;1557;;;;;;;
1618;1,580078125;0,650170898;3379;;;;;;;
1619;1,581054688;0,855615234;3800;;;;;;;
1620;1,58203125;-0,675791016;663;;;;;;;
1621;1,583007813;-0,653071289;710;;;;;;;
1622;1,583984375;-0,07734375;1889;;;;;;;
1623;1,584960938;0,147436523;2349;;;;;;;
1624;1,5859375;0,652104492;3383;;;;;;;
1625;1,586914063;-0,378984375;1271;;;;;;;
1626;1,587890625;-0,801474609;406;;;;;;;
1627;1,588867188;-0,072509766;1899;;;;;;;
1628;1,58984375;-0,845463867;316;;;;;;;
1629;1,590820313;-0,512402344;998;;;;;;;
1630;1,591796875;-0,457294922;1111;;;;;;;
1631;1,592773438;0,046889648;2144;;;;;;;
1632;1,59375;-0,544790039;932;;;;;;;
1633;1,594726563;-0,388168945;1253;;;;;;;
1634;1,595703125;-0,250883789;1534;;;;;;;
1635;1,596679688;0,891386719;3873;;;;;;;
1636;1,59765625;0,933925781;3960;;;;;;;
1637;1,598632813;0,30019043;2662;;;;;;;
1638;1,599609375;-0,94987793;102;;;;;;;
1639;1,600585938;-0,117949219;1806;;;;;;;
1640;1,6015625;0,793256836;3672;;;;;;;
1641;1,602539063;0,799541016;3685;;;;;;;
1642;1,603515625;0,981782227;4058;;;;;;;
1643;1,604492188;0,065258789;2181;;;;;;;
1644;1,60546875;-0,078310547;1887;;;;;;;
1645;1,606445313;0,370766602;2807;;;;;;;
1646;1,607421875;-0,332578125;1366;;;;;;;
1647;1,608398438;0,72703125;3536;;;;;;;
1648;1,609375;0,0928125;2238;;;;;;;
1649;1,610351563;-0,05559082;1934;;;;;;;
1650;1,611328125;0,458261719;2986;;;;;;;
1651;1,612304688;-0,177407227;1684;;;;;;;
1652;1,61328125;0,411855469;2891;;;;;;;
1653;1,614257813;0,640019531;3358;;;;;;;
1654;1,615234375;0,485332031;3041;;;;;;;
1655;1,616210938;0,389135742;2844;;;;;;;
1656;1,6171875;0,141152344;2337;;;;;;;
1657;1,618164063;0,684975586;3450;;;;;;;
1658;1,619140625;0,25378418;2567;;;;;;;
1659;1,620117188;-0,487749023;1049;;;;;;;
1660;1,62109375;0,224296875;2507;;;;;;;
1661;1,622070313;-0,823227539;362;;;;;;;
1662;1,623046875;-0,791806641;426;;;;;;;
1663;1,624023438;0,874951172;3839;;;;;;;
1664;1,625;-0,379467773;1270;;;;;;;
1665;1,625976563;0,450527344;2970;;;;;;;
1666;1,626953125;-0,745400391;521;;;;;;;
1667;1,627929688;0,051723633;2153;;;;;;;
1668;1,62890625;-0,805825195;397;;;;;;;
1669;1,629882813;0,101513672;2255;;;;;;;
1670;1,630859375;0,69609375;3473;;;;;;;
1671;1,631835938;-0,731381836;550;;;;;;;
1672;1,6328125;-0,59409668;831;;;;;;;
1673;1,633789063;0,870600586;3830;;;;;;;
1674;1,634765625;-0,313242188;1406;;;;;;;
1675;1,635742188;0,927158203;3946;;;;;;;
1676;1,63671875;0,083144531;2218;;;;;;;
1677;1,637695313;-0,100063477;1843;;;;;;;
1678;1,638671875;-0,073476563;1897;;;;;;;
1679;1,639648438;0,534155273;3141;;;;;;;
1680;1,640625;-0,742983398;526;;;;;;;
1681;1,641601563;-0,193359375;1652;;;;;;;
1682;1,642578125;0,644853516;3368;;;;;;;
1683;1,643554688;-0,117949219;1806;;;;;;;
1684;1,64453125;-0,019819336;2007;;;;;;;
1685;1,645507813;-0,25668457;1522;;;;;;;
1686;1,646484375;0,706245117;3494;;;;;;;
1687;1,647460938;-0,073476563;1897;;;;;;;
1688;1,6484375;0,44230957;2953;;;;;;;
1689;1,649414063;0,702861328;3487;;;;;;;
1690;1,650390625;0,104414063;2261;;;;;;;
1691;1,651367188;-0,266835938;1501;;;;;;;
1692;1,65234375;-0,117949219;1806;;;;;;;
1693;1,653320313;-0,57862793;862;;;;;;;
1694;1,654296875;0,708178711;3498;;;;;;;
1695;1,655273438;-0,084594727;1874;;;;;;;
1696;1,65625;-0,416206055;1195;;;;;;;
1697;1,657226563;-0,527871094;966;;;;;;;
1698;1,658203125;-0,370283203;1289;;;;;;;
1699;1,659179688;-0,758935547;493;;;;;;;
1700;1,66015625;-0,471313477;1082;;;;;;;
1701;1,661132813;-0,180791016;1677;;;;;;;
1702;1,662109375;0,296806641;2655;;;;;;;
1703;1,663085938;-0,294389648;1445;;;;;;;
1704;1,6640625;0,353847656;2772;;;;;;;
1705;1,665039063;0,872050781;3833;;;;;;;
1706;1,666015625;-0,394453125;1240;;;;;;;
1707;1,666992188;-0,640019531;737;;;;;;;
1708;1,66796875;0,102480469;2257;;;;;;;
1709;1,668945313;0,129067383;2312;;;;;;;
1710;1,669921875;0,791806641;3669;;;;;;;
1711;1,670898438;-0,627451172;762;;;;;;;
1712;1,671875;-0,38043457;1268;;;;;;;
1713;1,672851563;-0,710112305;593;;;;;;;
1714;1,673828125;-0,424907227;1177;;;;;;;
1715;1,674804688;0,88171875;3853;;;;;;;
1716;1,67578125;-0,885102539;235;;;;;;;
1717;1,676757813;0,706728516;3495;;;;;;;
1718;1,677734375;-0,84159668;324;;;;;;;
1719;1,678710938;0;2048;;;;;;;
1720;1,6796875;0,656938477;3393;;;;;;;
1721;1,680664063;-0,948427734;105;;;;;;;
1722;1,681640625;0,508051758;3088;;;;;;;
1723;1,682617188;-0,87543457;255;;;;;;;
1724;1,68359375;-0,492099609;1040;;;;;;;
1725;1,684570313;-0,536572266;949;;;;;;;
1726;1,685546875;-0,340795898;1350;;;;;;;
1727;1,686523438;0,405087891;2877;;;;;;;
1728;1,6875;0,568959961;3213;;;;;;;
1729;1,688476563;0,019335938;2087;;;;;;;
1730;1,689453125;0,932958984;3958;;;;;;;
1731;1,690429688;0,803891602;3694;;;;;;;
1732;1,69140625;0,405087891;2877;;;;;;;
1733;1,692382813;-0,741049805;530;;;;;;;
1734;1,693359375;-0,778754883;453;;;;;;;
1735;1,694335938;-0,262485352;1510;;;;;;;
1736;1,6953125;0,98081543;4056;;;;;;;
1737;1,696289063;0,310825195;2684;;;;;;;
1738;1,697265625;0,381884766;2830;;;;;;;
1739;1,698242188;0,59409668;3264;;;;;;;
1740;1,69921875;-0,296806641;1440;;;;;;;
1741;1,700195313;0,244116211;2547;;;;;;;
1742;1,701171875;-0,405087891;1218;;;;;;;
1743;1,702148438;-0,983232422;34;;;;;;;
1744;1,703125;0,609082031;3295;;;;;;;
1745;1,704101563;0,398803711;2864;;;;;;;
1746;1,705078125;-0,291489258;1451;;;;;;;
1747;1,706054688;0,686425781;3453;;;;;;;
1748;1,70703125;-0,765703125;479;;;;;;;
1749;1,708007813;0,481464844;3034;;;;;;;
1750;1,708984375;0,509985352;3092;;;;;;;
1751;1,709960938;-0,242182617;1552;;;;;;;
1752;1,7109375;0,972597656;4039;;;;;;;
1753;1,711914063;0,442792969;2954;;;;;;;
1754;1,712890625;-0,700927734;612;;;;;;;
1755;1,713867188;-0,723164063;566;;;;;;;
1756;1,71484375;-0,350947266;1329;;;;;;;
1757;1,715820313;0,182724609;2422;;;;;;;
1758;1,716796875;0,152753906;2360;;;;;;;
1759;1,717773438;0,265385742;2591;;;;;;;
1760;1,71875;0,182724609;2422;;;;;;;
1761;1,719726563;-0,610048828;798;;;;;;;
1762;1,720703125;-0,789873047;430;;;;;;;
1763;1,721679688;0,437958984;2944;;;;;;;
1764;1,72265625;-0,058974609;1927;;;;;;;
1765;1,723632813;-0,378984375;1271;;;;;;;
1766;1,724609375;-0,146953125;1747;;;;;;;
1767;1,725585938;0,131967773;2318;;;;;;;
1768;1,7265625;-0,434091797;1158;;;;;;;
1769;1,727539063;-0,181757813;1675;;;;;;;
1770;1,728515625;0,286171875;2634;;;;;;;
1771;1,729492188;-0,712045898;589;;;;;;;
1772;1,73046875;-0,114082031;1814;;;;;;;
1773;1,731445313;-0,159038086;1722;;;;;;;
1774;1,732421875;0,562675781;3200;;;;;;;
1775;1,733398438;0,279887695;2621;;;;;;;
1776;1,734375;0,88171875;3853;;;;;;;
1777;1,735351563;0,865766602;3821;;;;;;;
1778;1,736328125;0,767636719;3620;;;;;;;
1779;1,737304688;0,726547852;3535;;;;;;;
1780;1,73828125;-0,945527344;111;;;;;;;
1781;1,739257813;-0,675791016;663;;;;;;;
1782;1,740234375;0,945043945;3983;;;;;;;
1783;1,741210938;-0,964379883;72;;;;;;;
1784;1,7421875;-0,614882813;788;;;;;;;
1785;1,743164063;0,382368164;2831;;;;;;;
1786;1,744140625;-0,670473633;674;;;;;;;
1787;1,745117188;0,79809082;3682;;;;;;;
1788;1,74609375;-0,585878906;848;;;;;;;
1789;1,747070313;0,063808594;2178;;;;;;;
1790;1,748046875;-0,506118164;1011;;;;;;;
1791;1,749023438;0,294389648;2650;;;;;;;
1792;1,75;0,706728516;3495;;;;;;;
1793;1,750976563;0,215112305;2488;;;;;;;
1794;1,751953125;0,695126953;3471;;;;;;;
1795;1,752929688;0,316625977;2696;;;;;;;
1796;1,75390625;0,094746094;2242;;;;;;;
1797;1,754882813;0,908305664;3908;;;;;;;
1798;1,755859375;0,822260742;3731;;;;;;;
1799;1,756835938;-0,424907227;1177;;;;;;;
1800;1,7578125;0,066708984;2184;;;;;;;
1801;1,758789063;0,913139648;3918;;;;;;;
1802;1,759765625;-0,816459961;375;;;;;;;
1803;1,760742188;-0,022719727;2001;;;;;;;
1804;1,76171875;-0,258134766;1519;;;;;;;
1805;1,762695313;0,674824219;3430;;;;;;;
1806;1,763671875;-0,421523438;1184;;;;;;;
1807;1,764648438;0,891386719;3873;;;;;;;
1808;1,765625;-0,680625;654;;;;;;;
1809;1,766601563;0,693676758;3468;;;;;;;
1810;1,767578125;0,339345703;2742;;;;;;;
1811;1,768554688;-0,651621094;713;;;;;;;
1812;1,76953125;-0,249916992;1536;;;;;;;
1813;1,770507813;-0,789389648;431;;;;;;;
1814;1,771484375;0,763286133;3611;;;;;;;
1815;1,772460938;-0,203510742;1631;;;;;;;
1816;1,7734375;0,643886719;3366;;;;;;;
1817;1,774414063;-0,674824219;665;;;;;;;
1818;1,775390625;-0,651137695;714;;;;;;;
1819;1,776367188;0,946010742;3985;;;;;;;
1820;1,77734375;-0,765703125;479;;;;;;;
1821;1,778320313;-0,018369141;2010;;;;;;;
1822;1,779296875;-0,752167969;507;;;;;;;
1823;1,780273438;-0,059458008;1926;;;;;;;
1824;1,78125;-0,140668945;1759;;;;;;;
1825;1,782226563;-0,756035156;499;;;;;;;
1826;1,783203125;0,329677734;2723;;;;;;;
1827;1,784179688;-0,42394043;1179;;;;;;;
1828;1,78515625;0,702861328;3487;;;;;;;
1829;1,786132813;0,971147461;4036;;;;;;;
1830;1,787109375;0,475180664;3021;;;;;;;
1831;1,788085938;-0,02465332;1997;;;;;;;
1832;1,7890625;-0,335478516;1360;;;;;;;
1833;1,790039063;0,320976563;2705;;;;;;;
1834;1,791015625;-0,08362793;1876;;;;;;;
1835;1,791992188;-0,074443359;1895;;;;;;;
1836;1,79296875;0,828544922;3744;;;;;;;
1837;1,793945313;0,753618164;3591;;;;;;;
1838;1,794921875;-0,910239258;183;;;;;;;
1839;1,795898438;-0,232998047;1570;;;;;;;
1840;1,796875;0,306474609;2675;;;;;;;
1841;1,797851563;-0,231064453;1574;;;;;;;
1842;1,798828125;-0,287138672;1459;;;;;;;
1843;1,799804688;-0,348046875;1335;;;;;;;
1844;1,80078125;0,258618164;2577;;;;;;;
1845;1,801757813;-0,166289063;1707;;;;;;;
1846;1,802734375;0,920390625;3932;;;;;;;
1847;1,803710938;-0,148886719;1743;;;;;;;
1848;1,8046875;0,165322266;2386;;;;;;;
1849;1,805664063;-0,433608398;1159;;;;;;;
1850;1,806640625;0,792773438;3671;;;;;;;
1851;1,807617188;0,548657227;3171;;;;;;;
1852;1,80859375;0,977431641;4049;;;;;;;
1853;1,809570313;-0,830478516;347;;;;;;;
1854;1,810546875;0,92184082;3935;;;;;;;
1855;1,811523438;0,192875977;2443;;;;;;;
1856;1,8125;-0,698510742;617;;;;;;;
1857;1,813476563;-0,975981445;49;;;;;;;
1858;1,814453125;0,192875977;2443;;;;;;;
1859;1,815429688;0,332578125;2729;;;;;;;
1860;1,81640625;-0,877368164;251;;;;;;;
1861;1,817382813;-0,248950195;1538;;;;;;;
1862;1,818359375;-0,096196289;1850;;;;;;;
1863;1,819335938;0,846430664;3781;;;;;;;
1864;1,8203125;0,67144043;3423;;;;;;;
1865;1,821289063;-0,029487305;1987;;;;;;;
1866;1,822265625;-0,172573242;1694;;;;;;;
1867;1,823242188;-0,436992188;1153;;;;;;;
1868;1,82421875;0,770537109;3626;;;;;;;
1869;1,825195313;-0,350947266;1329;;;;;;;
1870;1,826171875;-0,04012207;1965;;;;;;;
1871;1,827148438;0,45777832;2985;;;;;;;
1872;1,828125;0,244599609;2548;;;;;;;
1873;1,829101563;0,843530273;3775;;;;;;;
1874;1,830078125;0,823710938;3734;;;;;;;
1875;1,831054688;-0,260068359;1515;;;;;;;
1876;1,83203125;-0,699960938;614;;;;;;;
1877;1,833007813;-0,752167969;507;;;;;;;
1878;1,833984375;0,243149414;2545;;;;;;;
1879;1,834960938;-0,14550293;1750;;;;;;;
1880;1,8359375;0,04012207;2130;;;;;;;
1881;1,836914063;-0,002416992;2043;;;;;;;
1882;1,837890625;0,684975586;3450;;;;;;;
1883;1,838867188;0,568959961;3213;;;;;;;
1884;1,83984375;0,414272461;2896;;;;;;;
1885;1,840820313;-0,03722168;1971;;;;;;;
1886;1,841796875;0,514819336;3102;;;;;;;
1887;1,842773438;-0,333061523;1365;;;;;;;
1888;1,84375;0,894287109;3879;;;;;;;
1889;1,844726563;-0,961479492;78;;;;;;;
1890;1,845703125;-0,161938477;1716;;;;;;;
1891;1,846679688;-0,450043945;1126;;;;;;;
1892;1,84765625;-0,527387695;967;;;;;;;
1893;1,848632813;0,428291016;2925;;;;;;;
1894;1,849609375;-0,349013672;1333;;;;;;;
1895;1,850585938;0,397836914;2862;;;;;;;
1896;1,8515625;-0,690776367;633;;;;;;;
1897;1,852539063;-0,50128418;1021;;;;;;;
1898;1,853515625;-0,038671875;1968;;;;;;;
1899;1,854492188;0,389135742;2844;;;;;;;
1900;1,85546875;0,520620117;3114;;;;;;;
1901;1,856445313;-0,590712891;838;;;;;;;
1902;1,857421875;-0,281337891;1471;;;;;;;
1903;1,858398438;-0,512885742;997;;;;;;;
1904;1,859375;0,436992188;2942;;;;;;;
1905;1,860351563;0,733798828;3550;;;;;;;
1906;1,861328125;0,370283203;2806;;;;;;;
1907;1,862304688;0,170639648;2397;;;;;;;
1908;1,86328125;-0,267802734;1499;;;;;;;
1909;1,864257813;0,201577148;2460;;;;;;;
1910;1,865234375;0,726547852;3535;;;;;;;
1911;1,866210938;0,91265625;3917;;;;;;;
1912;1,8671875;-0,268769531;1497;;;;;;;
1913;1,868164063;-0,396386719;1236;;;;;;;
1914;1,869140625;0,870600586;3830;;;;;;;
1915;1,870117188;-0,521586914;979;;;;;;;
1916;1,87109375;-0,414272461;1199;;;;;;;
1917;1,872070313;0,775371094;3635;;;;;;;
1918;1,873046875;0,842563477;3773;;;;;;;
1919;1,874023438;-0,593129883;833;;;;;;;
1920;1,875;0,184658203;2426;;;;;;;
1921;1,875976563;0,626000977;3330;;;;;;;
1922;1,876953125;0,751201172;3586;;;;;;;
1923;1,877929688;0,644853516;3368;;;;;;;
1924;1,87890625;0,60956543;3296;;;;;;;
1925;1,879882813;-0,435058594;1157;;;;;;;
1926;1,880859375;-0,875917969;254;;;;;;;
1927;1,881835938;0,427807617;2924;;;;;;;
1928;1,8828125;-0,947944336;106;;;;;;;
1929;1,883789063;-0,466479492;1092;;;;;;;
1930;1,884765625;0,266835938;2594;;;;;;;
1931;1,885742188;-0,088945313;1865;;;;;;;
1932;1,88671875;0,031904297;2113;;;;;;;
1933;1,887695313;0,429257813;2927;;;;;;;
1934;1,888671875;0,963896484;4022;;;;;;;
1935;1,889648438;-0,271186523;1492;;;;;;;
1936;1,890625;0,867700195;3825;;;;;;;
1937;1,891601563;0,684008789;3448;;;;;;;
1938;1,892578125;-0,696577148;621;;;;;;;
1939;1,893554688;0,031904297;2113;;;;;;;
1940;1,89453125;-0,948427734;105;;;;;;;
1941;1,895507813;0,666123047;3412;;;;;;;
1942;1,896484375;-0,352397461;1326;;;;;;;
1943;1,897460938;0,966796875;4028;;;;;;;
1944;1,8984375;0,370283203;2806;;;;;;;
1945;1,899414063;-0,22284668;1591;;;;;;;
1946;1,900390625;-0,576210938;867;;;;;;;
1947;1,901367188;0,503701172;3079;;;;;;;
1948;1,90234375;-0,252333984;1531;;;;;;;
1949;1,903320313;0,416206055;2900;;;;;;;
1950;1,904296875;-0,900571289;203;;;;;;;
1951;1,905273438;0,928125;3948;;;;;;;
1952;1,90625;-0,815009766;378;;;;;;;
1953;1,907226563;0,449560547;2968;;;;;;;
1954;1,908203125;-0,957128906;87;;;;;;;
1955;1,909179688;0,654038086;3387;;;;;;;
1956;1,91015625;-0,48581543;1053;;;;;;;
1957;1,911132813;0,192392578;2442;;;;;;;
1958;1,912109375;0,346113281;2756;;;;;;;
1959;1,913085938;0,320493164;2704;;;;;;;
1960;1,9140625;-0,612949219;792;;;;;;;
1961;1,915039063;0,771503906;3628;;;;;;;
1962;1,916015625;0,4640625;2998;;;;;;;
1963;1,916992188;-0,734765625;543;;;;;;;
1964;1,91796875;0,928608398;3949;;;;;;;
1965;1,918945313;0,776337891;3637;;;;;;;
1966;1,919921875;-0,712529297;588;;;;;;;
1967;1,920898438;0,284238281;2630;;;;;;;
1968;1,921875;0,717363281;3517;;;;;;;
1969;1,922851563;0,122783203;2299;;;;;;;
1970;1,923828125;0,182724609;2422;;;;;;;
1971;1,924804688;0,829995117;3747;;;;;;;
1972;1,92578125;-0,883652344;238;;;;;;;
1973;1,926757813;-0,659355469;697;;;;;;;
1974;1,927734375;0,60328125;3283;;;;;;;
1975;1,928710938;0,197709961;2452;;;;;;;
1976;1,9296875;-0,027070313;1992;;;;;;;
1977;1,930664063;0,422006836;2912;;;;;;;
1978;1,931640625;-0,762802734;485;;;;;;;
1979;1,932617188;0,644370117;3367;;;;;;;
1980;1,93359375;-0,166289063;1707;;;;;;;
1981;1,934570313;0,509018555;3090;;;;;;;
1982;1,935546875;0,092329102;2237;;;;;;;
1983;1,936523438;0,019819336;2088;;;;;;;
1984;1,9375;0,899121094;3889;;;;;;;
1985;1,938476563;0,150336914;2355;;;;;;;
1986;1,939453125;-0,692226563;630;;;;;;;
1987;1,940429688;0,177407227;2411;;;;;;;
1988;1,94140625;0,719296875;3521;;;;;;;
1989;1,942382813;0,644370117;3367;;;;;;;
1990;1,943359375;0,979365234;4053;;;;;;;
1991;1,944335938;0,898154297;3887;;;;;;;
1992;1,9453125;-0,437958984;1151;;;;;;;
1993;1,946289063;0,446660156;2962;;;;;;;
1994;1,947265625;-0,056074219;1933;;;;;;;
1995;1,948242188;0,016435547;2081;;;;;;;
1996;1,94921875;-0,193359375;1652;;;;;;;
1997;1,950195313;0,459711914;2989;;;;;;;
1998;1,951171875;0,490166016;3051;;;;;;;
1999;1,952148438;-0,015952148;2015;;;;;;;
2000;1,953125;0,064291992;2179;;;;;;;
2001;1,954101563;-0,708662109;596;;;;;;;
2002;1,955078125;0,917973633;3928;;;;;;;
2003;1,956054688;0,737182617;3557;;;;;;;
2004;1,95703125;0,474697266;3020;;;;;;;
2005;1,958007813;0,208344727;2474;;;;;;;
2006;1,958984375;-0,402670898;1223;;;;;;;
2007;1,959960938;-0,660322266;695;;;;;;;
2008;1,9609375;0,572827148;3221;;;;;;;
2009;1,961914063;-0,179824219;1679;;;;;;;
2010;1,962890625;-0,881235352;243;;;;;;;
2011;1,963867188;0,698510742;3478;;;;;;;
2012;1,96484375;0,766669922;3618;;;;;;;
2013;1,965820313;0,1546875;2364;;;;;;;
2014;1,966796875;0,067675781;2186;;;;;;;
2015;1,967773438;-0,546723633;928;;;;;;;
2016;1,96875;0,082177734;2216;;;;;;;
2017;1,969726563;-0,203994141;1630;;;;;;;
2018;1,970703125;-0,950844727;100;;;;;;;
2019;1,971679688;-0,259101563;1517;;;;;;;
2020;1,97265625;0,138251953;2331;;;;;;;
2021;1,973632813;0,16097168;2377;;;;;;;
2022;1,974609375;-0,314208984;1404;;;;;;;
2023;1,975585938;-0,923291016;157;;;;;;;
2024;1,9765625;-0,413789063;1200;;;;;;;
2025;1,977539063;-0,351914063;1327;;;;;;;
2026;1,978515625;0,716879883;3516;;;;;;;
2027;1,979492188;-0,727998047;557;;;;;;;
2028;1,98046875;0,529804688;3133;;;;;;;
2029;1,981445313;-0,445693359;1135;;;;;;;
2030;1,982421875;-0,946010742;110;;;;;;;
2031;1,983398438;-0,013051758;2021;;;;;;;
2032;1,984375;-0,598447266;822;;;;;;;
2033;1,985351563;-0,430708008;1165;;;;;;;
2034;1,986328125;-0,334995117;1361;;;;;;;
2035;1,987304688;0,067675781;2186;;;;;;;
2036;1,98828125;-0,303574219;1426;;;;;;;
2037;1,989257813;0,367866211;2801;;;;;;;
2038;1,990234375;0,219946289;2498;;;;;;;
2039;1,991210938;0,486298828;3043;;;;;;;
2040;1,9921875;-0,857548828;291;;;;;;;
2041;1,993164063;-0,95277832;96;;;;;;;
2042;1,994140625;-0,646303711;724;;;;;;;
2043;1,995117188;0,10199707;2256;;;;;;;
2044;1,99609375;-0,74878418;514;;;;;;;
2045;1,997070313;-0,85706543;292;;;;;;;
2046;1,998046875;-0,181757813;1675;;;;;;;
2047;1,999023438;-0,920874023;162;;;;;;;
2048;2;-0,245083008;1546;;;;;;;
